{
  "ret": 1,
  "msg": "succ",
  "data": {
    "echart": [
      {
        "name": "展示数",
        "type": "line",
        "stack": "总量",
        "data": [
          "90064",
          "59286",
          "36890",
          "23143",
          "20996",
          "32316",
          "32316"
        ]
      },
      {
        "name": "点击数",
        "type": "line",
        "stack": "总量",
        "data": [
          "3080977",
          "1883790",
          "1087328",
          "638447",
          "613765",
          "1160867",
          "1160867"
        ]
      },
      {
        "name": "点击率",
        "type": "line",
        "stack": "总量",
        "data": [
          "21675",
          "13774",
          "8152",
          "4991",
          "5064",
          "9411",
          "9411"
        ]
      },
      {
        "name": "平均点击价格(元)",
        "type": "line",
        "stack": "总量",
        "data": [
          "26105",
          "21432",
          "12258",
          "11592",
          "12219",
          "19231",
          "11923"
        ]
      },
      {
        "name": "总花费(元)",
        "type": "line",
        "stack": "总量",
        "data": [
          "6205",
          "42232",
          "2258",
          "12259",
          "12229",
          "19123",
          "1923"
        ]
      },
      {
        "name": "平均千次展现费用(元)",
        "type": "line",
        "stack": "总量",
        "data": [
          "62105",
          "433122",
          "23258",
          "15239",
          "11229",
          "19333",
          "122293"
        ]
      }
    ]
  }
}