{
  "ret": 1,
  "msg": "succ",
  "data": {
    "page": 1,
    "page_size": 50,
    "total_number": 55,
    "total_page": 2,
    "list": [
      {
        "id": "1154",
        "date": "2018-04-26",
        "media_type": "1",
        "account_id": "3415636",
        "account_name": "1517466390",
        "author": "张建邦",
        "impression": "2891735",
        "click": "21666",
        "cost": "81728.69",
        "download": "486",
        "conversion": "93",
        "activation": "321",
        "k": "1_3415636",
        "account_order": null,
        "balance": 857916,
        "media_name": "广点通",
        "reg_cost": "254.61",
        "click_per": "0.75%"
      },
      {
        "id": "1155",
        "date": "2018-04-26",
        "media_type": "1",
        "account_id": "1264278",
        "account_name": "320938254",
        "author": "张建邦",
        "impression": "1911078",
        "click": "15257",
        "cost": "76673.31",
        "download": "3647",
        "conversion": "318",
        "activation": "456",
        "k": "1_1264278",
        "account_order": null,
        "balance": 1020584,
        "media_name": "广点通",
        "reg_cost": "168.14",
        "click_per": "0.80%"
      },
      {
        "id": "1172",
        "date": "2018-04-26",
        "media_type": "1",
        "account_id": "6476772",
        "account_name": "2986276774",
        "author": "陈冰",
        "impression": "775560",
        "click": "7157",
        "cost": "16390.87",
        "download": "2116",
        "conversion": "96",
        "activation": "287",
        "k": "1_6476772",
        "account_order": null,
        "balance": 429091,
        "media_name": "广点通",
        "reg_cost": "57.11",
        "click_per": "0.92%"
      },
      {
        "id": "1158",
        "date": "2018-04-26",
        "media_type": "1",
        "account_id": "5976078",
        "account_name": "3354691643",
        "author": "陈冰",
        "impression": "1512511",
        "click": "13430",
        "cost": "45839.32",
        "download": "1308",
        "conversion": "225",
        "activation": "238",
        "k": "1_5976078",
        "account_order": null,
        "balance": 518575,
        "media_name": "广点通",
        "reg_cost": "192.60",
        "click_per": "0.89%"
      },
      {
        "id": "1156",
        "date": "2018-04-26",
        "media_type": "1",
        "account_id": "6476724",
        "account_name": "2216927603",
        "author": "陈冰",
        "impression": "7869974",
        "click": "57990",
        "cost": "265900.63",
        "download": "15699",
        "conversion": "764",
        "activation": "1604",
        "k": "1_6476724",
        "account_order": null,
        "balance": 4546060,
        "media_name": "广点通",
        "reg_cost": "165.77",
        "click_per": "0.74%"
      },
      {
        "id": "1157",
        "date": "2018-04-26",
        "media_type": "1",
        "account_id": "2293374",
        "account_name": "3456567001",
        "author": "邹昀柯",
        "impression": "6694102",
        "click": "65177",
        "cost": "380325.06",
        "download": "12146",
        "conversion": "1247",
        "activation": "2219",
        "k": "1_2293374",
        "account_order": null,
        "balance": 219941,
        "media_name": "广点通",
        "reg_cost": "171.39",
        "click_per": "0.97%"
      },
      {
        "id": "1159",
        "date": "2018-04-26",
        "media_type": "1",
        "account_id": "6476741",
        "account_name": "1520414881",
        "author": "邹昀柯",
        "impression": "2698797",
        "click": "27986",
        "cost": "89117.04",
        "download": "2618",
        "conversion": "199",
        "activation": "496",
        "k": "1_6476741",
        "account_order": null,
        "balance": 1866314.4,
        "media_name": "广点通",
        "reg_cost": "179.67",
        "click_per": "1.04%"
      },
      {
        "id": "1160",
        "date": "2018-04-26",
        "media_type": "1",
        "account_id": "4841878",
        "account_name": "3347575718",
        "author": "熊雄",
        "impression": "1060494",
        "click": "4373",
        "cost": "11729.58",
        "download": "194",
        "conversion": "20",
        "activation": "28",
        "k": "1_4841878",
        "account_order": null,
        "balance": 317851,
        "media_name": "广点通",
        "reg_cost": "418.91",
        "click_per": "0.41%"
      },
      {
        "id": "1161",
        "date": "2018-04-26",
        "media_type": "1",
        "account_id": "6476759",
        "account_name": "2897896264",
        "author": "熊雄",
        "impression": "4021022",
        "click": "33426",
        "cost": "90775.79",
        "download": "9238",
        "conversion": "491",
        "activation": "584",
        "k": "1_6476759",
        "account_order": null,
        "balance": 2519725,
        "media_name": "广点通",
        "reg_cost": "155.44",
        "click_per": "0.83%"
      },
      {
        "id": "1162",
        "date": "2018-04-26",
        "media_type": "1",
        "account_id": "3495067",
        "account_name": "1392672140",
        "author": "熊雄",
        "impression": "1013595",
        "click": "6549",
        "cost": "32942.54",
        "download": "0",
        "conversion": "0",
        "activation": "81",
        "k": "1_3495067",
        "account_order": null,
        "balance": 548140,
        "media_name": "广点通",
        "reg_cost": "406.70",
        "click_per": "0.65%"
      },
      {
        "id": "1162",
        "date": "2018-04-26",
        "media_type": "1",
        "account_id": "4832871",
        "account_name": "2997727752",
        "author": "张建邦",
        "impression": 0,
        "click": 0,
        "cost": 0,
        "download": 0,
        "conversion": 0,
        "activation": 0,
        "k": "1_3495067",
        "account_order": null,
        "balance": 0.85,
        "media_name": "广点通",
        "reg_cost": "0.00",
        "click_per": "0%"
      },
      {
        "id": "1163",
        "date": "2018-04-26",
        "media_type": "1",
        "account_id": "3578906",
        "account_name": "1912067460",
        "author": "张建邦",
        "impression": "484890",
        "click": "2733",
        "cost": "5261.92",
        "download": "146",
        "conversion": "29",
        "activation": "73",
        "k": "1_3578906",
        "account_order": null,
        "balance": 268727.4,
        "media_name": "广点通",
        "reg_cost": "72.08",
        "click_per": "0.56%"
      },
      {
        "id": "1164",
        "date": "2018-04-26",
        "media_type": "1",
        "account_id": "3795108",
        "account_name": "2731244695",
        "author": "谢丽君",
        "impression": "424639",
        "click": "793",
        "cost": "1975.66",
        "download": "49",
        "conversion": "1",
        "activation": "1",
        "k": "1_3795108",
        "account_order": null,
        "balance": 312775.45,
        "media_name": "广点通",
        "reg_cost": "1975.66",
        "click_per": "0.19%"
      },
      {
        "id": "1165",
        "date": "2018-04-26",
        "media_type": "1",
        "account_id": "4832892",
        "account_name": "2923482711",
        "author": "谢丽君",
        "impression": "2267762",
        "click": "6753",
        "cost": "8127.64",
        "download": "137",
        "conversion": "15",
        "activation": "40",
        "k": "1_4832892",
        "account_order": null,
        "balance": 205081,
        "media_name": "广点通",
        "reg_cost": "203.19",
        "click_per": "0.30%"
      },
      {
        "id": "1165",
        "date": "2018-04-26",
        "media_type": "1",
        "account_id": "3795198",
        "account_name": "2848783886",
        "author": "时杰",
        "impression": 0,
        "click": 0,
        "cost": 0,
        "download": 0,
        "conversion": 0,
        "activation": 0,
        "k": "1_4832892",
        "account_order": null,
        "balance": 0,
        "media_name": "广点通",
        "reg_cost": "0.00",
        "click_per": "0%"
      },
      {
        "id": "1165",
        "date": "2018-04-26",
        "media_type": "1",
        "account_id": "207326436",
        "account_name": "贪玩UC-4",
        "author": "李胜东",
        "impression": 0,
        "click": 0,
        "cost": 0,
        "download": 0,
        "conversion": 0,
        "activation": 0,
        "k": "1_4832892",
        "account_order": null,
        "balance": 9945,
        "media_name": "UC",
        "reg_cost": "0.00",
        "click_per": "0%"
      },
      {
        "id": "1173",
        "date": "2018-04-26",
        "media_type": "3",
        "account_id": "207326459",
        "account_name": "贪玩UC-25",
        "author": "李胜东",
        "impression": "331813",
        "click": "3263",
        "cost": "10782.76",
        "download": "0",
        "conversion": "8",
        "activation": "8",
        "k": "3_207326459",
        "account_order": null,
        "balance": 72248.2,
        "media_name": "UC",
        "reg_cost": "1347.85",
        "click_per": "0.98%"
      },
      {
        "id": "1174",
        "date": "2018-04-26",
        "media_type": "3",
        "account_id": "207326456",
        "account_name": "贪玩UC-22",
        "author": "吴福江",
        "impression": "24233",
        "click": "105",
        "cost": "539.87",
        "download": "0",
        "conversion": "1",
        "activation": "1",
        "k": "3_207326456",
        "account_order": null,
        "balance": 110390,
        "media_name": "UC",
        "reg_cost": "539.87",
        "click_per": "0.43%"
      },
      {
        "id": "1175",
        "date": "2018-04-26",
        "media_type": "3",
        "account_id": "207326463",
        "account_name": "贪玩UC-28",
        "author": "李胜东",
        "impression": "228630",
        "click": "3060",
        "cost": "10946.27",
        "download": "0",
        "conversion": "129",
        "activation": "129",
        "k": "3_207326463",
        "account_order": null,
        "balance": 140720,
        "media_name": "UC",
        "reg_cost": "84.85",
        "click_per": "1.34%"
      },
      {
        "id": "1176",
        "date": "2018-04-26",
        "media_type": "3",
        "account_id": "207326439",
        "account_name": "贪玩UC-7",
        "author": "李胜东",
        "impression": "347480",
        "click": "2621",
        "cost": "20010.61",
        "download": "0",
        "conversion": "62",
        "activation": "62",
        "k": "3_207326439",
        "account_order": null,
        "balance": 108098,
        "media_name": "UC",
        "reg_cost": "322.75",
        "click_per": "0.75%"
      },
      {
        "id": "1177",
        "date": "2018-04-26",
        "media_type": "3",
        "account_id": "207326440",
        "account_name": "贪玩UC-8",
        "author": "李胜东",
        "impression": "538790",
        "click": "5366",
        "cost": "33488.72",
        "download": "0",
        "conversion": "74",
        "activation": "74",
        "k": "3_207326440",
        "account_order": null,
        "balance": 135750,
        "media_name": "UC",
        "reg_cost": "452.55",
        "click_per": "1.00%"
      },
      {
        "id": "1178",
        "date": "2018-04-26",
        "media_type": "3",
        "account_id": "207326432",
        "account_name": "贪玩UC-1",
        "author": "李胜东",
        "impression": "13985",
        "click": "119",
        "cost": "462.01",
        "download": "0",
        "conversion": "2",
        "activation": "2",
        "k": "3_207326432",
        "account_order": null,
        "balance": 84514.2,
        "media_name": "UC",
        "reg_cost": "231.00",
        "click_per": "0.85%"
      },
      {
        "id": "1179",
        "date": "2018-04-26",
        "media_type": "3",
        "account_id": "207326441",
        "account_name": "贪玩UC-9",
        "author": "李胜东",
        "impression": "99241",
        "click": "1129",
        "cost": "3861.82",
        "download": "0",
        "conversion": "51",
        "activation": "51",
        "k": "3_207326441",
        "account_order": null,
        "balance": 68436.6,
        "media_name": "UC",
        "reg_cost": "75.72",
        "click_per": "1.14%"
      },
      {
        "id": "1180",
        "date": "2018-04-26",
        "media_type": "3",
        "account_id": "207326455",
        "account_name": "贪玩UC-21",
        "author": "李胜东",
        "impression": "143017",
        "click": "1819",
        "cost": "3756.81",
        "download": "0",
        "conversion": "27",
        "activation": "27",
        "k": "3_207326455",
        "account_order": null,
        "balance": 111366,
        "media_name": "UC",
        "reg_cost": "139.14",
        "click_per": "1.27%"
      },
      {
        "id": "1181",
        "date": "2018-04-26",
        "media_type": "3",
        "account_id": "207326434",
        "account_name": "贪玩UC-2",
        "author": "吴福江",
        "impression": "24503",
        "click": "265",
        "cost": "935.60",
        "download": "0",
        "conversion": "6",
        "activation": "6",
        "k": "3_207326434",
        "account_order": null,
        "balance": 176756,
        "media_name": "UC",
        "reg_cost": "155.93",
        "click_per": "1.08%"
      },
      {
        "id": "1181",
        "date": "2018-04-26",
        "media_type": "3",
        "account_id": "207326435",
        "account_name": "贪玩UC-3",
        "author": "钟幸哲",
        "impression": 0,
        "click": 0,
        "cost": 0,
        "download": 0,
        "conversion": 0,
        "activation": 0,
        "k": "3_207326434",
        "account_order": null,
        "balance": 8210.7,
        "media_name": "UC",
        "reg_cost": "0.00",
        "click_per": "0%"
      },
      {
        "id": "1182",
        "date": "2018-04-26",
        "media_type": "3",
        "account_id": "207326437",
        "account_name": "贪玩UC-5",
        "author": "黄晓慈",
        "impression": "72",
        "click": "1",
        "cost": "3.34",
        "download": "0",
        "conversion": "0",
        "activation": "0",
        "k": "3_207326437",
        "account_order": null,
        "balance": 11321.8,
        "media_name": "UC",
        "reg_cost": "0.00",
        "click_per": "1.39%"
      },
      {
        "id": "1183",
        "date": "2018-04-26",
        "media_type": "3",
        "account_id": "207326438",
        "account_name": "贪玩UC-6",
        "author": "步温慧",
        "impression": "115052",
        "click": "1693",
        "cost": "2482.36",
        "download": "0",
        "conversion": "23",
        "activation": "23",
        "k": "3_207326438",
        "account_order": null,
        "balance": 144934,
        "media_name": "UC",
        "reg_cost": "107.93",
        "click_per": "1.47%"
      },
      {
        "id": "1184",
        "date": "2018-04-26",
        "media_type": "3",
        "account_id": "207326442",
        "account_name": "贪玩UC-10",
        "author": "吴福江",
        "impression": "7",
        "click": "0",
        "cost": "0.00",
        "download": "0",
        "conversion": "0",
        "activation": "0",
        "k": "3_207326442",
        "account_order": null,
        "balance": 161782,
        "media_name": "UC",
        "reg_cost": "0.00",
        "click_per": "0.00%"
      },
      {
        "id": "1184",
        "date": "2018-04-26",
        "media_type": "3",
        "account_id": "207326444",
        "account_name": "贪玩UC-11",
        "author": "吴福江",
        "impression": 0,
        "click": 0,
        "cost": 0,
        "download": 0,
        "conversion": 0,
        "activation": 0,
        "k": "3_207326442",
        "account_order": null,
        "balance": 193814,
        "media_name": "UC",
        "reg_cost": "0.00",
        "click_per": "0%"
      },
      {
        "id": "1185",
        "date": "2018-04-26",
        "media_type": "3",
        "account_id": "207326445",
        "account_name": "贪玩UC-12",
        "author": "吴福江",
        "impression": "32600",
        "click": "312",
        "cost": "1046.25",
        "download": "0",
        "conversion": "1",
        "activation": "1",
        "k": "3_207326445",
        "account_order": null,
        "balance": 168853,
        "media_name": "UC",
        "reg_cost": "1046.25",
        "click_per": "0.96%"
      },
      {
        "id": "1185",
        "date": "2018-04-26",
        "media_type": "3",
        "account_id": "207326446",
        "account_name": "贪玩UC-13",
        "author": "邹子成",
        "impression": 0,
        "click": 0,
        "cost": 0,
        "download": 0,
        "conversion": 0,
        "activation": 0,
        "k": "3_207326445",
        "account_order": null,
        "balance": 69210.8,
        "media_name": "UC",
        "reg_cost": "0.00",
        "click_per": "0%"
      },
      {
        "id": "1185",
        "date": "2018-04-26",
        "media_type": "3",
        "account_id": "207326447",
        "account_name": "贪玩UC-14",
        "author": "钟幸哲",
        "impression": 0,
        "click": 0,
        "cost": 0,
        "download": 0,
        "conversion": 0,
        "activation": 0,
        "k": "3_207326445",
        "account_order": null,
        "balance": 0,
        "media_name": "UC",
        "reg_cost": "0.00",
        "click_per": "0%"
      },
      {
        "id": "1186",
        "date": "2018-04-26",
        "media_type": "3",
        "account_id": "207326448",
        "account_name": "贪玩UC-15",
        "author": "步温慧",
        "impression": "44939",
        "click": "195",
        "cost": "840.39",
        "download": "0",
        "conversion": "0",
        "activation": "0",
        "k": "3_207326448",
        "account_order": null,
        "balance": 84514.2,
        "media_name": "UC",
        "reg_cost": "0.00",
        "click_per": "0.43%"
      },
      {
        "id": "1192",
        "date": "2018-04-26",
        "media_type": "3",
        "account_id": "207326449",
        "account_name": "贪玩UC-16",
        "author": "步温慧",
        "impression": "3",
        "click": "1",
        "cost": "3.05",
        "download": "0",
        "conversion": "0",
        "activation": "0",
        "k": "3_207326449",
        "account_order": null,
        "balance": 15284.9,
        "media_name": "UC",
        "reg_cost": "0.00",
        "click_per": "33.33%"
      },
      {
        "id": "1187",
        "date": "2018-04-26",
        "media_type": "3",
        "account_id": "207326450",
        "account_name": "贪玩UC-17",
        "author": "步温慧",
        "impression": "90343",
        "click": "917",
        "cost": "4053.79",
        "download": "0",
        "conversion": "17",
        "activation": "17",
        "k": "3_207326450",
        "account_order": null,
        "balance": 85235.1,
        "media_name": "UC",
        "reg_cost": "238.46",
        "click_per": "1.02%"
      },
      {
        "id": "1188",
        "date": "2018-04-26",
        "media_type": "3",
        "account_id": "207326451",
        "account_name": "贪玩UC-18",
        "author": "步温慧",
        "impression": "272",
        "click": "1",
        "cost": "3.43",
        "download": "0",
        "conversion": "0",
        "activation": "0",
        "k": "3_207326451",
        "account_order": null,
        "balance": 73909.2,
        "media_name": "UC",
        "reg_cost": "0.00",
        "click_per": "0.37%"
      },
      {
        "id": "1189",
        "date": "2018-04-26",
        "media_type": "3",
        "account_id": "207326452",
        "account_name": "贪玩UC-19",
        "author": "钟幸哲",
        "impression": "20822",
        "click": "184",
        "cost": "913.97",
        "download": "0",
        "conversion": "8",
        "activation": "8",
        "k": "3_207326452",
        "account_order": null,
        "balance": 182510,
        "media_name": "UC",
        "reg_cost": "114.25",
        "click_per": "0.88%"
      },
      {
        "id": "1189",
        "date": "2018-04-26",
        "media_type": "3",
        "account_id": "207326454",
        "account_name": "贪玩UC-20",
        "author": "钟幸哲",
        "impression": 0,
        "click": 0,
        "cost": 0,
        "download": 0,
        "conversion": 0,
        "activation": 0,
        "k": "3_207326452",
        "account_order": null,
        "balance": 162164,
        "media_name": "UC",
        "reg_cost": "0.00",
        "click_per": "0%"
      },
      {
        "id": "1190",
        "date": "2018-04-26",
        "media_type": "3",
        "account_id": "207326457",
        "account_name": "贪玩UC-23",
        "author": "吴福江",
        "impression": "228256",
        "click": "1845",
        "cost": "9001.16",
        "download": "0",
        "conversion": "52",
        "activation": "52",
        "k": "3_207326457",
        "account_order": null,
        "balance": 234086,
        "media_name": "UC",
        "reg_cost": "173.10",
        "click_per": "0.81%"
      },
      {
        "id": "1190",
        "date": "2018-04-26",
        "media_type": "3",
        "account_id": "207326458",
        "account_name": "贪玩UC-24",
        "author": "步温慧",
        "impression": 0,
        "click": 0,
        "cost": 0,
        "download": 0,
        "conversion": 0,
        "activation": 0,
        "k": "3_207326457",
        "account_order": null,
        "balance": 63138.9,
        "media_name": "UC",
        "reg_cost": "0.00",
        "click_per": "0%"
      },
      {
        "id": "1191",
        "date": "2018-04-26",
        "media_type": "3",
        "account_id": "207326461",
        "account_name": "贪玩UC-26",
        "author": "梁文俊",
        "impression": "20746",
        "click": "168",
        "cost": "531.11",
        "download": "0",
        "conversion": "1",
        "activation": "1",
        "k": "3_207326461",
        "account_order": null,
        "balance": 148743,
        "media_name": "UC",
        "reg_cost": "531.11",
        "click_per": "0.81%"
      },
      {
        "id": "1193",
        "date": "2018-04-26",
        "media_type": "3",
        "account_id": "207326462",
        "account_name": "贪玩UC-27",
        "author": "梁文俊",
        "impression": "16426",
        "click": "173",
        "cost": "382.33",
        "download": "0",
        "conversion": "0",
        "activation": "0",
        "k": "3_207326462",
        "account_order": null,
        "balance": 124649,
        "media_name": "UC",
        "reg_cost": "0.00",
        "click_per": "1.05%"
      },
      {
        "id": "1193",
        "date": "2018-04-26",
        "media_type": "3",
        "account_id": "7205438",
        "account_name": "2151453469",
        "author": "熊雄",
        "impression": 0,
        "click": 0,
        "cost": 0,
        "download": 0,
        "conversion": 0,
        "activation": 0,
        "k": "3_207326462",
        "account_order": null,
        "balance": 57000,
        "media_name": "广点通",
        "reg_cost": "0.00",
        "click_per": "0%"
      },
      {
        "id": "1166",
        "date": "2018-04-26",
        "media_type": "1",
        "account_id": "7418788",
        "account_name": "2440284966",
        "author": "时杰",
        "impression": "1505821",
        "click": "14701",
        "cost": "63356.35",
        "download": "3006",
        "conversion": "207",
        "activation": "444",
        "k": "1_7418788",
        "account_order": null,
        "balance": 1957870,
        "media_name": "广点通",
        "reg_cost": "142.69",
        "click_per": "0.98%"
      },
      {
        "id": "1167",
        "date": "2018-04-26",
        "media_type": "1",
        "account_id": "7205322",
        "account_name": "2374382105",
        "author": "时杰",
        "impression": "337596",
        "click": "2449",
        "cost": "8631.61",
        "download": "529",
        "conversion": "45",
        "activation": "103",
        "k": "1_7205322",
        "account_order": null,
        "balance": 227199,
        "media_name": "广点通",
        "reg_cost": "83.80",
        "click_per": "0.73%"
      },
      {
        "id": "1168",
        "date": "2018-04-26",
        "media_type": "1",
        "account_id": "7418915",
        "account_name": "2974387694",
        "author": "谢丽君",
        "impression": "2034527",
        "click": "21251",
        "cost": "55126.48",
        "download": "0",
        "conversion": "0",
        "activation": "172",
        "k": "1_7418915",
        "account_order": null,
        "balance": 335708,
        "media_name": "广点通",
        "reg_cost": "320.50",
        "click_per": "1.04%"
      },
      {
        "id": "1169",
        "date": "2018-04-26",
        "media_type": "1",
        "account_id": "7205237",
        "account_name": "2134284319",
        "author": "邹昀柯",
        "impression": "4814008",
        "click": "37308",
        "cost": "89256.72",
        "download": "14648",
        "conversion": "7748",
        "activation": "1456",
        "k": "1_7205237",
        "account_order": null,
        "balance": 1171890,
        "media_name": "广点通",
        "reg_cost": "61.30",
        "click_per": "0.77%"
      },
      {
        "id": "1170",
        "date": "2018-04-26",
        "media_type": "1",
        "account_id": "7205377",
        "account_name": "3537389668",
        "author": "陈冰",
        "impression": "2339385",
        "click": "15484",
        "cost": "38277.08",
        "download": "4801",
        "conversion": "283",
        "activation": "638",
        "k": "1_7205377",
        "account_order": null,
        "balance": 949668.2,
        "media_name": "广点通",
        "reg_cost": "60.00",
        "click_per": "0.66%"
      },
      {
        "id": "1170",
        "date": "2018-04-26",
        "media_type": "1",
        "account_id": "5398995",
        "account_name": "2167299227",
        "author": "张建邦",
        "impression": 0,
        "click": 0,
        "cost": 0,
        "download": 0,
        "conversion": 0,
        "activation": 0,
        "k": "1_7205377",
        "account_order": null,
        "balance": 0,
        "media_name": "广点通",
        "reg_cost": "0.00",
        "click_per": "0%"
      }
    ],
    "total": {
      "balance_1": 12238735.65,
      "balance_2": 804757.38,
      "balance_3": 0,
      "balance_4": 9736726.8,
      "balance_0": 0,
      "tm": 1524672000,
      "em": 1524672000,
      "impression": 47354591,
      "click": 379918,
      "cost": 1474167.82,
      "download": 70950,
      "conversion": 12294,
      "activation": 9756,
      "reg_cost": "151.10",
      "click_per": "0.80%"
    },
    "echart": [
      {
        "name": "消耗",
        "type": "line",
        "stack": "总量",
        "data": [
          "90064.42",
          "59286.04",
          "36890.74",
          "23143.45",
          "20996.24",
          "32316.01",
          "76072.38",
          "100984.23",
          "118337.38",
          "115327.14",
          "119937.39",
          "131599.53",
          "143007.76",
          "123202.67",
          "103918.05",
          "97551.84",
          "81603.95"
        ]
      },
      {
        "name": "展现",
        "type": "line",
        "stack": "总量",
        "data": [
          "3080977",
          "1883790",
          "1087328",
          "638447",
          "613765",
          "1160867",
          "2744693",
          "3495559",
          "3617386",
          "3642018",
          "3522722",
          "3970933",
          "4478587",
          "4085012",
          "3354860",
          "3084396",
          "2894225"
        ]
      },
      {
        "name": "点击",
        "type": "line",
        "stack": "总量",
        "data": [
          "21675",
          "13774",
          "8152",
          "4991",
          "5064",
          "9411",
          "21623",
          "28198",
          "29786",
          "30058",
          "28802",
          "31361",
          "40278",
          "35267",
          "26702",
          "24155",
          "20642"
        ]
      },
      {
        "name": "转化",
        "type": "line",
        "stack": "总量",
        "data": [
          "605",
          "432",
          "258",
          "159",
          "129",
          "193",
          "485",
          "693",
          "795",
          "797",
          "842",
          "839",
          "795",
          "857",
          "761",
          "691",
          "425"
        ]
      }
    ],
    "tmp":
      "select *, concat(media_type,'_',account_id) as k from db_center.db_data_total_day where 1 and date between '2018-04-26' and '2018-04-26'",
    "curr_page_total": {
      "impression": 46978726,
      "click": 377720,
      "cost": 1465481.94,
      "download": 70768,
      "conversion": 12243,
      "activation": 9703,
      "reg_cost": "151.03",
      "click_per": "0.80%"
    }
  }
}