{
  "ret": 1,
  "msg": "succ",
  "data": [
    { "name": "\u6fc0\u6d3b", "objType": 1, "lanKey": "Activate" },
    { "name": "\u4e0b\u8f7d", "objType": 1, "lanKey": "Downloaded" },
    { "name": "\u6d4f\u89c8", "objType": 2, "lanKey": "ViewContent" },
    { "name": "\u641c\u7d22", "objType": 2, "lanKey": "Search" },
    {
      "name": "\u8868\u5355\u63d0\u4ea4",
      "objType": 2,
      "lanKey": "FormSubmit"
    },
    { "name": "\u7535\u8bdd\u62e8\u6253", "objType": 2, "lanKey": "Phone" },
    { "name": "\u5f00\u59cb\u4e0b\u8f7d", "objType": 2, "lanKey": "Download" },
    {
      "name": "\u52a0\u5165\u8d2d\u7269\u8f66",
      "objType": 2,
      "lanKey": "AddToCart"
    },
    {
      "name": "\u52a0\u5165\u5fc3\u613f\u5355",
      "objType": 2,
      "lanKey": "AddToWishlist"
    },
    {
      "name": "\u53d1\u8d77\u7ed3\u8d26",
      "objType": 2,
      "lanKey": "InitiateCheckout"
    },
    { "name": "\u8d2d\u4e70", "objType": 1, "lanKey": "Purchase" },
    { "name": "\u6ce8\u518c", "objType": 2, "lanKey": "CompleteRegistration" },
    { "name": "\u5728\u7ebf\u54a8\u8be2", "objType": 2, "lanKey": "Consult" },
    { "name": "\u5176\u4ed6", "objType": 2, "lanKey": "Other" }
  ]
}
