{
    "ret": 1,
    "msg": "succ",
    "data": [{
        "id": "10",
        "adgroup_id": "30846525",
        "creativeTemplateId": "1",
        "creativeTemplateName": "信息流大图",
        "creativeTemplateFields": [{
            "key": "title",
            "alias": "标题",
            "tips": "标题字符范围为10-70",
            "size": "10-70"
        }, {
            "key": "source",
            "alias": "推广来源",
            "tips": "推广来源字符范围为1-16",
            "size": "1-16"
        }, {
            "key": "target_url",
            "alias": "点击URL",
            "tips": "以http或https开头，长度不能大于1024个字符",
            "size": "1024"
        }, {
            "key": "pic1_img",
            "alias": "图片",
            "tips": "jpg/png格式,尺寸640*300，图片大小不能超过90kb",
            "size": "90k"
        }, {
            "key": "scheme_url",
            "alias": "直达链接",
            "tips": "长度不能大于1024个字符",
            "size": "1024"
        }],
        "size": "640*300"
    }, {
        "id": "11",
        "adgroup_id": "30846525",
        "creativeTemplateId": "2",
        "creativeTemplateName": "信息流小图",
        "creativeTemplateFields": [{
            "key": "title",
            "alias": "标题",
            "tips": "标题字符范围为10-45",
            "size": "10-45"
        }, {
            "key": "source",
            "alias": "推广来源",
            "tips": "推广来源字符范围为1-16",
            "size": "1-16"
        }, {
            "key": "target_url",
            "alias": "点击URL",
            "tips": "以http或https开头，长度不能大于1024个字符",
            "size": "1024"
        }, {
            "key": "pic1_img",
            "alias": "图片",
            "tips": "jpg/png格式,尺寸140*105，图片大小不能超过20kb",
            "size": "20k"
        }, {
            "key": "scheme_url",
            "alias": "直达链接",
            "tips": "长度不能大于1024个字符",
            "size": "1024"
        }],
        "size": "140*105"
    }, {
        "id": "12",
        "adgroup_id": "30846525",
        "creativeTemplateId": "3",
        "creativeTemplateName": "信息流三图",
        "creativeTemplateFields": [{
            "key": "title",
            "alias": "标题",
            "tips": "标题字符范围为10-70",
            "size": "10-70"
        }, {
            "key": "source",
            "alias": "推广来源",
            "tips": "推广来源字符范围为1-16",
            "size": "1-16"
        }, {
            "key": "target_url",
            "alias": "点击URL",
            "tips": "以http或https开头，长度不能大于1024个字符",
            "size": "1024"
        }, {
            "key": "pic1_img",
            "alias": "图片",
            "tips": "jpg/png格式,尺寸160*120，图片大小不能超过20kb",
            "size": "20k"
        }, {
            "key": "pic2_img",
            "alias": "图片",
            "tips": "jpg/png格式,尺寸160*120，图片大小不能超过20kb",
            "size": "20k"
        }, {
            "key": "pic3_img",
            "alias": "图片",
            "tips": "jpg/png格式,尺寸160*120，图片大小不能超过20kb",
            "size": "20k"
        }, {
            "key": "scheme_url",
            "alias": "直达链接",
            "tips": "长度不能大于1024个字符",
            "size": "1024"
        }],
        "size": "160*120"
    }]
}