{
  "ret": 1,
  "msg": "succ",
  "data": [
    { "campaign_id": "30433927", "campaign_name": "test1005" },
    { "campaign_id": "30433921", "campaign_name": "test1004" },
    { "campaign_id": "30433919", "campaign_name": "test1003" },
    { "campaign_id": "30433912", "campaign_name": "test1002" },
    { "campaign_id": "30433911", "campaign_name": "test1001" },
    { "campaign_id": "30433904", "campaign_name": "test1000" },
    { "campaign_id": "30433897", "campaign_name": "test12341" },
    { "campaign_id": "30433652", "campaign_name": "test1232" },
    {
      "campaign_id": "30433651",
      "campaign_name": "test1231-\u590d\u5236-\u590d\u5236"
    },
    {
      "campaign_id": "30433555",
      "campaign_name":
        "\u8ba1\u5212\u65b0\u589e\u6d4b\u8bd51-\u590d\u5236-\u590d\u5236"
    },
    { "campaign_id": "30433329", "campaign_name": "demo" },
    { "campaign_id": "30432876", "campaign_name": "test1231-\u590d\u5236" },
    { "campaign_id": "30432785", "campaign_name": "test12121-\u590d\u5236" },
    { "campaign_id": "30431615", "campaign_name": "test1212-\u590d\u5236" },
    { "campaign_id": "30431614", "campaign_name": "test1212" },
    { "campaign_id": "30431553", "campaign_name": "test12" },
    { "campaign_id": "30431381", "campaign_name": "test1231" },
    { "campaign_id": "30431355", "campaign_name": "test10000test" },
    {
      "campaign_id": "30431162",
      "campaign_name": "abc\u590d\u5236fdsfsdfsd-\u590d\u5236-\u590d\u5236"
    },
    { "campaign_id": "30431153", "campaign_name": "dd-\u590d\u5236" },
    { "campaign_id": "30430862", "campaign_name": "sd123" },
    { "campaign_id": "30430780", "campaign_name": "ddd" },
    { "campaign_id": "30430765", "campaign_name": "test100" },
    {
      "campaign_id": "30430763",
      "campaign_name": "abc\u590d\u5236fdsfsdddfsd-\u590d\u5236"
    },
    {
      "campaign_id": "30430759",
      "campaign_name": "abc\u590d\u5236fdsfsdfsd-\u590d\u5236"
    },
    { "campaign_id": "30430738", "campaign_name": "tsetse123-\u590d\u5236" },
    { "campaign_id": "30430725", "campaign_name": "tsetse123" },
    { "campaign_id": "30430723", "campaign_name": "tsetsettesttsettse" },
    {
      "campaign_id": "30430680",
      "campaign_name": "\u6d4b\u8bd5-\u590d-\u590d\u5236-\u590d\u5236fd"
    },
    {
      "campaign_id": "30428823",
      "campaign_name": "\u6d4b\u8bd5-\u590d-\u590d\u5236-\u590d\u5236"
    },
    { "campaign_id": "30428816", "campaign_name": "12313" },
    {
      "campaign_id": "30428813",
      "campaign_name": "\u6d4b\u8bd5-\u590d-\u590d\u5236"
    },
    {
      "campaign_id": "30427924",
      "campaign_name":
        "\u6d4b\u8bd5-\u590d\u5236-\u590d\u5236-\u590d\u5236-\u590d\u5236"
    },
    {
      "campaign_id": "30427923",
      "campaign_name": "\u6d4b\u8bd5-\u590d\u5236-\u590d\u5236-\u590d\u5236"
    },
    {
      "campaign_id": "30427900",
      "campaign_name": "\u6d4b\u8bd5-\u590d\u5236-\u590d\u5236"
    },
    {
      "campaign_id": "30426378",
      "campaign_name": "\u8ba1\u5212\u65b0\u589e\u6d4b\u8bd51-\u590d\u5236"
    },
    {
      "campaign_id": "30440453",
      "campaign_name": "4-11\u6e23\u8f89\u5b89\u5353-164526-04-\u590d\u5236"
    },
    {
      "campaign_id": "30440443",
      "campaign_name": "4-11\u6e23\u8f89\u5b89\u5353-164527-03-\u590d\u5236"
    },
    {
      "campaign_id": "30440074",
      "campaign_name": "4-11\u6e23\u8f89\u5b89\u5353-164528-02-\u590d\u5236"
    },
    {
      "campaign_id": "30440056",
      "campaign_name": "4-11\u6e23\u8f89\u5b89\u5353-164529-01-\u590d\u5236"
    },
    {
      "campaign_id": "30440028",
      "campaign_name": "4-11\u6e23\u8f89\u5b89\u5353-164526-04"
    },
    {
      "campaign_id": "30440016",
      "campaign_name": "4-11\u6e23\u8f89\u5b89\u5353-164527-03"
    },
    {
      "campaign_id": "30439997",
      "campaign_name": "4-11\u6e23\u8f89\u5b89\u5353-164528-02"
    },
    {
      "campaign_id": "30439930",
      "campaign_name": "4-11\u6e23\u8f89\u5b89\u5353-164529-01"
    },
    {
      "campaign_id": "30434862",
      "campaign_name": "\u53e4\u5929\u4e50\u9ec4\u91d1\u94e0\u7532160083"
    },
    {
      "campaign_id": "30434852",
      "campaign_name": "\u53e4\u5929\u4e50\u9ec4\u91d1\u94e0\u7532160082"
    },
    {
      "campaign_id": "30434805",
      "campaign_name": "\u53e4\u5929\u4e50\u9ec4\u91d1160083"
    },
    {
      "campaign_id": "30434777",
      "campaign_name": "\u53e4\u5929\u4e50\u9ec4\u91d1160082"
    },
    {
      "campaign_id": "30434774",
      "campaign_name": "\u767d\u8272\u901a\u77e5160083"
    },
    {
      "campaign_id": "30434740",
      "campaign_name": "\u767d\u8272\u901a\u77e5160082"
    },
    {
      "campaign_id": "30414768",
      "campaign_name": "\u53cc\u661f\u91c7\u8bbf160084"
    },
    {
      "campaign_id": "30414752",
      "campaign_name": "\u53cc\u661f\u91c7\u8bbf160083"
    },
    {
      "campaign_id": "30414742",
      "campaign_name": "\u53cc\u661f\u91c7\u8bbf160082"
    },
    {
      "campaign_id": "30422191",
      "campaign_name": "3-28\u8d2a\u84dd\u5b89\u5353-162292-04-\u590d\u5236"
    },
    {
      "campaign_id": "30422188",
      "campaign_name": "3-28\u8d2a\u84dd\u5b89\u5353-162293-03-\u590d\u5236"
    },
    {
      "campaign_id": "30422185",
      "campaign_name": "3-28\u8d2a\u84dd\u5b89\u5353-162294-02-\u590d\u5236"
    },
    {
      "campaign_id": "30422184",
      "campaign_name": "3-28\u8d2a\u84dd\u5b89\u5353-162295-01-\u590d\u5236"
    },
    {
      "campaign_id": "30422180",
      "campaign_name": "3-28\u8d2a\u84dd\u5b89\u5353-162292-04"
    },
    {
      "campaign_id": "30422178",
      "campaign_name": "3-28\u8d2a\u84dd\u5b89\u5353-162293-03"
    },
    {
      "campaign_id": "30422177",
      "campaign_name": "3-28\u8d2a\u84dd\u5b89\u5353-162294-02"
    },
    {
      "campaign_id": "30422170",
      "campaign_name": "3-28\u8d2a\u84dd\u5b89\u5353-162295-01"
    },
    {
      "campaign_id": "30373681",
      "campaign_name": "2-25-H5\u84dd\u4e89IOS(154023)-04"
    },
    {
      "campaign_id": "30373678",
      "campaign_name": "2-25-H5\u84dd\u4e89IOS(154024)-03"
    },
    {
      "campaign_id": "30373676",
      "campaign_name": "2-25-H5\u84dd\u4e89IOS(154025)-02"
    },
    {
      "campaign_id": "30373675",
      "campaign_name": "2-25-H5\u84dd\u4e89IOS(154026)-01"
    },
    {
      "campaign_id": "30373672",
      "campaign_name": "2-25-H5\u84dd\u4e89IOS(154023)-4"
    },
    {
      "campaign_id": "30373670",
      "campaign_name": "2-25-H5\u84dd\u4e89IOS(154024)-3"
    },
    {
      "campaign_id": "30373655",
      "campaign_name": "2-25-H5\u84dd\u4e89IOS(154025)-2"
    },
    {
      "campaign_id": "30373650",
      "campaign_name": "2-25-H5\u84dd\u4e89IOS(154026)-1"
    },
    {
      "campaign_id": "30359233",
      "campaign_name": "2-5\u5f00\u95e8(467\u9f99\u4f20\u5b89\u5353)04"
    },
    {
      "campaign_id": "30359232",
      "campaign_name": "2-5\u5f00\u95e8(467\u9f99\u4f20\u5b89\u5353)03"
    },
    {
      "campaign_id": "30359227",
      "campaign_name": "2-5\u5f00\u95e8(467\u9f99\u4f20\u5b89\u5353)02"
    },
    {
      "campaign_id": "30359217",
      "campaign_name": "2-5\u5f00\u95e8(467\u9f99\u4f20\u5b89\u5353)01"
    },
    {
      "campaign_id": "30360797",
      "campaign_name":
        "1-30\u6625\u70e8\u540c\u53f0(386\u9f99\u4f20\u5b89\u5353)04"
    },
    {
      "campaign_id": "30335254",
      "campaign_name": "1-17\u70e8\u6625\u540c\u53f0(\u9f99\u4f20IOS)04"
    },
    {
      "campaign_id": "30335237",
      "campaign_name": "1-17\u70e8\u6625\u540c\u53f0(\u9f99\u4f20IOS)02"
    },
    {
      "campaign_id": "30335228",
      "campaign_name": "1-17\u70e8\u6625\u540c\u53f0(\u9f99\u4f20IOS)01"
    },
    {
      "campaign_id": "30317031",
      "campaign_name": "1-2\u70e8\u73b0\u573a(146378)"
    },
    { "campaign_id": "30441067", "campaign_name": "test1006" },
    { "campaign_id": "30441071", "campaign_name": "test1004-\u590d\u5236" },
    { "campaign_id": "30441675", "campaign_name": "test10010" },
    { "campaign_id": "30441770", "campaign_name": "test1004\u970f\u970f" },
    { "campaign_id": "30443018", "campaign_name": "\u53e4\u5929\u4e50160082" },
    {
      "campaign_id": "30443079",
      "campaign_name": "\u4f5b\u5149\u80e1\u519b160084"
    },
    {
      "campaign_id": "30443579",
      "campaign_name": "test1004-\u590d\u5236-\u590d\u5236"
    },
    {
      "campaign_id": "30443617",
      "campaign_name": "test1004-\u590d\u5236-\u590d\u5236-\u590d\u5236"
    },
    { "campaign_id": "30445424", "campaign_name": "test100123-666" },
    {
      "campaign_id": "30445972",
      "campaign_name": "4-11\u6e23\u8f89\u5b89\u5353-164529-01"
    },
    {
      "campaign_id": "30446000",
      "campaign_name": "4-11\u6e23\u8f89\u5b89\u5353-164528-02"
    },
    {
      "campaign_id": "30446006",
      "campaign_name": "4-11\u6e23\u8f89\u5b89\u5353-164527-03"
    },
    {
      "campaign_id": "30446011",
      "campaign_name": "4-11\u6e23\u8f89\u5b89\u5353-164526-04"
    },
    {
      "campaign_id": "30446047",
      "campaign_name": "4-11\u6e23\u8f89\u5b89\u5353-164529-01-\u590d\u5236"
    },
    {
      "campaign_id": "30446050",
      "campaign_name": "4-11\u6e23\u8f89\u5b89\u5353-164528-02-\u590d\u5236"
    },
    {
      "campaign_id": "30446053",
      "campaign_name": "4-11\u6e23\u8f89\u5b89\u5353-164526-04-\u590d\u5236"
    },
    {
      "campaign_id": "30446051",
      "campaign_name": "4-11\u6e23\u8f89\u5b89\u5353-164527-03-\u590d\u5236"
    },
    { "campaign_id": "30446198", "campaign_name": "test1000fdsfdsfdsfds" },
    { "campaign_id": "30446201", "campaign_name": "test1004fdsfds" },
    {
      "campaign_id": "30446322",
      "campaign_name":
        "test1004-\u590d\u5236-\u590d\u5236-\u590d\u5236-\u590d\u5236"
    }
  ]
}
