{
  "ret": 1,
  "msg": "succ",
  "data": {
    "interestTypes": [
      {
        "value": 1000000,
        "name": "\u91d1\u878d",
        "children": [
          { "value": 1070000, "name": "\u4fdd\u9669", "children": [] },
          {
            "value": 1110000,
            "name": "\u80a1\u7968\u57fa\u91d1",
            "children": []
          },
          {
            "value": 1120000,
            "name": "\u671f\u8d27\u5916\u6c47",
            "children": []
          },
          {
            "value": 1130000,
            "name": "\u6295\u8d44\u7406\u8d22",
            "children": []
          },
          {
            "value": 1140000,
            "name": "\u5b8f\u89c2\u7ecf\u6d4e",
            "children": []
          },
          { "value": 1160000, "name": "\u8d37\u6b3e", "children": [] }
        ]
      },
      { "value": 2000000, "name": "\u79d1\u6280", "children": [] },
      { "value": 3000000, "name": "\u4f53\u80b2", "children": [] },
      { "value": 4000000, "name": "\u519b\u4e8b", "children": [] },
      { "value": 5000000, "name": "\u623f\u4ea7", "children": [] },
      { "value": 6000000, "name": "\u65c5\u6e38", "children": [] },
      { "value": 7000000, "name": "\u7f8e\u98df", "children": [] },
      { "value": 8000000, "name": "\u6c7d\u8f66", "children": [] },
      { "value": 9000000, "name": "\u6559\u80b2", "children": [] },
      { "value": 10000000, "name": "\u804c\u573a", "children": [] },
      { "value": 12000000, "name": "\u65f6\u5c1a", "children": [] },
      { "value": 13000000, "name": "\u80b2\u513f", "children": [] },
      { "value": 14000000, "name": "\u5065\u5eb7", "children": [] },
      { "value": 15000000, "name": "\u6e38\u620f", "children": [] },
      { "value": 16000000, "name": "\u5f69\u7968", "children": [] },
      { "value": 17000000, "name": "\u6444\u5f71", "children": [] },
      { "value": 21000000, "name": "\u6536\u85cf", "children": [] },
      { "value": 22000000, "name": "\u5ba0\u7269", "children": [] }
    ]
  }
}
