{
  "ret": 1,
  "msg": "succ",
  "data": [
      {
          "id": "76",
          "account_id": "207326436",
          "campaign_id": "30428830",
          "campaign_name": "12313-复制fdsfsdfsd",
          "paused": "1",
          "budget": "200",
          "schedule": "{\"startDate\":20180403,\"endDate\":20990101,\"monday\":\"111111111111111111111111\",\"tuesday\":\"111111111111111111111111\",\"wednesday\":\"111111111111111111111111\",\"thursday\":\"111111111111111111111111\",\"friday\":\"111111111111111111111111\",\"saturday\":\"111111111111111111111111\",\"sunday\":\"111111111111111111111111\"}",
          "adResourceId": "1",
          "appId": "0",
          "state": "1",
          "invalidReasonList": "[\"账户余额不足，请及时充值，以免影响您的正常推广。\"]",
          "platform": "",
          "campaigns_index": "0",
          "startDate": "2018-04-03",
          "endDate": "2099-01-01"
      },
      {
          "id": "77",
          "account_id": "207326436",
          "campaign_id": "30428829",
          "campaign_name": "测试-复-复制-复制fdsfdsfsd",
          "paused": "0",
          "budget": "200",
          "schedule": "{\"startDate\":20180403,\"endDate\":20990101,\"monday\":\"111111111111111111111111\",\"tuesday\":\"111111111111111111111111\",\"wednesday\":\"111111111111111111111111\",\"thursday\":\"111111111111111111111111\",\"friday\":\"111111111111111111111111\",\"saturday\":\"111111111111111111111111\",\"sunday\":\"111111111111111111111111\"}",
          "adResourceId": "1",
          "appId": "0",
          "state": "1",
          "invalidReasonList": "[\"账户余额不足，请及时充值，以免影响您的正常推广。\"]",
          "platform": "",
          "campaigns_index": "0",
          "startDate": "2018-04-03",
          "endDate": "2099-01-01"
      },
      {
          "id": "78",
          "account_id": "207326436",
          "campaign_id": "30428823",
          "campaign_name": "测试-复-复制-复制",
          "paused": "1",
          "budget": "200",
          "schedule": "{\"startDate\":20180403,\"endDate\":20990101,\"monday\":\"111111111111111111111111\",\"tuesday\":\"111111111111111111111111\",\"wednesday\":\"111111111111111111111111\",\"thursday\":\"111111111111111111111111\",\"friday\":\"111111111111111111111111\",\"saturday\":\"111111111111111111111111\",\"sunday\":\"111111111111111111111111\"}",
          "adResourceId": "1",
          "appId": "0",
          "state": "1",
          "invalidReasonList": "[\"账户余额不足，请及时充值，以免影响您的正常推广。\"]",
          "platform": "",
          "campaigns_index": "0",
          "startDate": "2018-04-03",
          "endDate": "2099-01-01"
      },
      {
          "id": "79",
          "account_id": "207326436",
          "campaign_id": "30428816",
          "campaign_name": "12313",
          "paused": "1",
          "budget": "200",
          "schedule": "{\"startDate\":20180403,\"endDate\":20990101,\"monday\":\"111111111111111111111111\",\"tuesday\":\"111111111111111111111111\",\"wednesday\":\"111111111111111111111111\",\"thursday\":\"111111111111111111111111\",\"friday\":\"111111111111111111111111\",\"saturday\":\"111111111111111111111111\",\"sunday\":\"111111111111111111111111\"}",
          "adResourceId": "1",
          "appId": "0",
          "state": "1",
          "invalidReasonList": "[\"账户余额不足，请及时充值，以免影响您的正常推广。\"]",
          "platform": "",
          "campaigns_index": "0",
          "startDate": "2018-04-03",
          "endDate": "2099-01-01"
      },
      {
          "id": "80",
          "account_id": "207326436",
          "campaign_id": "30428813",
          "campaign_name": "测试-复-复制",
          "paused": "1",
          "budget": "200",
          "schedule": "{\"startDate\":20180403,\"endDate\":20990101,\"monday\":\"111111111111111111111111\",\"tuesday\":\"111111111111111111111111\",\"wednesday\":\"111111111111111111111111\",\"thursday\":\"111111111111111111111111\",\"friday\":\"111111111111111111111111\",\"saturday\":\"111111111111111111111111\",\"sunday\":\"111111111111111111111111\"}",
          "adResourceId": "1",
          "appId": "0",
          "state": "1",
          "invalidReasonList": "[\"账户余额不足，请及时充值，以免影响您的正常推广。\"]",
          "platform": "",
          "campaigns_index": "0",
          "startDate": "2018-04-03",
          "endDate": "2099-01-01"
      },
      {
          "id": "81",
          "account_id": "207326436",
          "campaign_id": "30428812",
          "campaign_name": "计划新增测试2-复制",
          "paused": "1",
          "budget": "200",
          "schedule": "{\"startDate\":20180403,\"endDate\":20990101,\"monday\":\"100000000000000000000000\",\"tuesday\":\"100000000000000000000000\",\"wednesday\":\"100000000000000000000000\",\"thursday\":\"100000000000000000000000\",\"friday\":\"100000000000000000000000\",\"saturday\":\"100000000000000000000000\",\"sunday\":\"100000000000000000000000\"}",
          "adResourceId": "1",
          "appId": "0",
          "state": "1",
          "invalidReasonList": "[\"该计划不在推广时段，请到推广计划设置中修改推广时段。\",\"账户余额不足，请及时充值，以免影响您的",
          "platform": "",
          "campaigns_index": "0",
          "startDate": "2018-04-03",
          "endDate": "2099-01-01"
      },
      {
          "id": "84",
          "account_id": "207326436",
          "campaign_id": "30427924",
          "campaign_name": "测试-复制-复制-复制-复制",
          "paused": "1",
          "budget": "200",
          "schedule": "{\"startDate\":20180403,\"endDate\":20990101,\"monday\":\"111111111111111111111111\",\"tuesday\":\"111111111111111111111111\",\"wednesday\":\"111111111111111111111111\",\"thursday\":\"111111111111111111111111\",\"friday\":\"111111111111111111111111\",\"saturday\":\"111111111111111111111111\",\"sunday\":\"111111111111111111111111\"}",
          "adResourceId": "1",
          "appId": "0",
          "state": "1",
          "invalidReasonList": "[\"账户余额不足，请及时充值，以免影响您的正常推广。\"]",
          "platform": "",
          "campaigns_index": "0",
          "startDate": "2018-04-03",
          "endDate": "2099-01-01"
      },
      {
          "id": "85",
          "account_id": "207326436",
          "campaign_id": "30427923",
          "campaign_name": "测试-复制-复制-复制",
          "paused": "1",
          "budget": "200",
          "schedule": "{\"startDate\":20180403,\"endDate\":20990101,\"monday\":\"111111111111111111111111\",\"tuesday\":\"111111111111111111111111\",\"wednesday\":\"111111111111111111111111\",\"thursday\":\"111111111111111111111111\",\"friday\":\"111111111111111111111111\",\"saturday\":\"111111111111111111111111\",\"sunday\":\"111111111111111111111111\"}",
          "adResourceId": "1",
          "appId": "0",
          "state": "1",
          "invalidReasonList": "[\"账户余额不足，请及时充值，以免影响您的正常推广。\"]",
          "platform": "",
          "campaigns_index": "0",
          "startDate": "2018-04-03",
          "endDate": "2099-01-01"
      },
      {
          "id": "87",
          "account_id": "207326436",
          "campaign_id": "30427900",
          "campaign_name": "测试-复制-复制",
          "paused": "0",
          "budget": "200",
          "schedule": "{\"startDate\":20180403,\"endDate\":20990101,\"monday\":\"111111111111111111111111\",\"tuesday\":\"111111111111111111111111\",\"wednesday\":\"111111111111111111111111\",\"thursday\":\"111111111111111111111111\",\"friday\":\"111111111111111111111111\",\"saturday\":\"111111111111111111111111\",\"sunday\":\"111111111111111111111111\"}",
          "adResourceId": "1",
          "appId": "0",
          "state": "0",
          "invalidReasonList": "[\"账户余额不足，请及时充值，以免影响您的正常推广。\"]",
          "platform": "",
          "campaigns_index": "0",
          "startDate": "2018-04-03",
          "endDate": "2099-01-01"
      },
      {
          "id": "89",
          "account_id": "207326436",
          "campaign_id": "30426378",
          "campaign_name": "计划新增测试1-复制",
          "paused": "0",
          "budget": "200",
          "schedule": "{\"startDate\":20180402,\"endDate\":20990101,\"monday\":\"100000000000000000000000\",\"tuesday\":\"100000000000000000000000\",\"wednesday\":\"100000000000000000000000\",\"thursday\":\"100000000000000000000000\",\"friday\":\"100000000000000000000000\",\"saturday\":\"100000000000000000000000\",\"sunday\":\"100000000000000000000000\"}",
          "adResourceId": "1",
          "appId": "0",
          "state": "0",
          "invalidReasonList": "[\"该计划不在推广时段，请到推广计划设置中修改推广时段。\",\"账户余额不足，请及时充值，以免影响您的",
          "platform": "",
          "campaigns_index": "0",
          "startDate": "2018-04-02",
          "endDate": "2099-01-01"
      },
      {
          "id": "90",
          "account_id": "207326436",
          "campaign_id": "30430723",
          "campaign_name": "tsetsettesttsettse",
          "paused": "0",
          "budget": "555",
          "schedule": "{\"startDate\":20180404,\"endDate\":20990101,\"monday\":\"000000000000000000000000\",\"tuesday\":\"111111111111111111111111\",\"wednesday\":\"111111111111111111111111\",\"thursday\":\"111111111111111111111111\",\"friday\":\"111111111111111111111111\",\"saturday\":\"111111111111111111111111\",\"sunday\":\"111111111111111111111111\"}",
          "adResourceId": "1",
          "appId": "0",
          "state": "0",
          "invalidReasonList": "",
          "platform": "",
          "campaigns_index": "0",
          "startDate": "2018-04-04",
          "endDate": "2099-01-01"
      },
      {
          "id": "91",
          "account_id": "207326436",
          "campaign_id": "30430725",
          "campaign_name": "tsetse123",
          "paused": "0",
          "budget": "555",
          "schedule": "{\"startDate\":20180404,\"endDate\":20990101,\"monday\":\"000000000000000000000000\",\"tuesday\":\"111111111111111111111111\",\"wednesday\":\"111111111111111111111111\",\"thursday\":\"111111111111111111111111\",\"friday\":\"111111111111111111111111\",\"saturday\":\"111111111111111111111111\",\"sunday\":\"111111111111111111111111\"}",
          "adResourceId": "1",
          "appId": "0",
          "state": "0",
          "invalidReasonList": "",
          "platform": "",
          "campaigns_index": "0",
          "startDate": "2018-04-04",
          "endDate": "2099-01-01"
      },
      {
          "id": "92",
          "account_id": "207326436",
          "campaign_id": "30430759",
          "campaign_name": "abc复制fdsfsdfsd-复制",
          "paused": "0",
          "budget": "200",
          "schedule": "{\"startDate\":20180404,\"endDate\":20990101,\"monday\":\"000000000000000000000000\",\"tuesday\":\"111111111111111111111111\",\"wednesday\":\"111111111111111111111111\",\"thursday\":\"111111111111111111111111\",\"friday\":\"111111111111111111111111\",\"saturday\":\"111111111111111111111111\",\"sunday\":\"111111111111111111111111\"}",
          "adResourceId": "1",
          "appId": "0",
          "state": "0",
          "invalidReasonList": "",
          "platform": "",
          "campaigns_index": "0",
          "startDate": "2018-04-04",
          "endDate": "2099-01-01"
      },
      {
          "id": "93",
          "account_id": "207326436",
          "campaign_id": "30430763",
          "campaign_name": "abc复制fdsfsdddfsd-复制",
          "paused": "0",
          "budget": "200",
          "schedule": "{\"startDate\":20180404,\"endDate\":20990101,\"monday\":\"000000000000000000000000\",\"tuesday\":\"111111111111111111111111\",\"wednesday\":\"111111111111111111111111\",\"thursday\":\"111111111111111111111111\",\"friday\":\"111111111111111111111111\",\"saturday\":\"111111111111111111111111\",\"sunday\":\"111111111111111111111111\"}",
          "adResourceId": "1",
          "appId": "0",
          "state": "0",
          "invalidReasonList": "",
          "platform": "",
          "campaigns_index": "0",
          "startDate": "2018-04-04",
          "endDate": "2099-01-01"
      },
      {
          "id": "94",
          "account_id": "207326436",
          "campaign_id": "30430765",
          "campaign_name": "test100",
          "paused": "0",
          "budget": "5555",
          "schedule": "{\"startDate\":20180404,\"endDate\":20990101,\"monday\":\"000000000000000000000000\",\"tuesday\":\"111111111111111111111111\",\"wednesday\":\"111111111111111111111111\",\"thursday\":\"111111111111111111111111\",\"friday\":\"111111111111111111111111\",\"saturday\":\"111111111111111111111111\",\"sunday\":\"111111111111111111111111\"}",
          "adResourceId": "1",
          "appId": "0",
          "state": "0",
          "invalidReasonList": "",
          "platform": "",
          "campaigns_index": "0",
          "startDate": "2018-04-04",
          "endDate": "2099-01-01"
      },
      {
          "id": "95",
          "account_id": "207326436",
          "campaign_id": "30430780",
          "campaign_name": "dd",
          "paused": "0",
          "budget": "-1",
          "schedule": "{\"startDate\":20180404,\"endDate\":20990101,\"monday\":\"000000000000000000000000\",\"tuesday\":\"111111111111111111111111\",\"wednesday\":\"111111111111111111111111\",\"thursday\":\"111111111111111111111111\",\"friday\":\"111111111111111111111111\",\"saturday\":\"111111111111111111111111\",\"sunday\":\"111111111111111111111111\"}",
          "adResourceId": "1",
          "appId": "0",
          "state": "0",
          "invalidReasonList": "",
          "platform": "",
          "campaigns_index": "0",
          "startDate": "2018-04-04",
          "endDate": "2099-01-01"
      },
      {
          "id": "96",
          "account_id": "207326436",
          "campaign_id": "30430862",
          "campaign_name": "sd123",
          "paused": "0",
          "budget": "-1",
          "schedule": "{\"startDate\":20180404,\"endDate\":20990101,\"monday\":\"000000000000000000000000\",\"tuesday\":\"111111111111111111111111\",\"wednesday\":\"111111111111111111111111\",\"thursday\":\"111111111111111111111111\",\"friday\":\"111111111111111111111111\",\"saturday\":\"111111111111111111111111\",\"sunday\":\"111111111111111111111111\"}",
          "adResourceId": "1",
          "appId": "0",
          "state": "0",
          "invalidReasonList": "",
          "platform": "",
          "campaigns_index": "0",
          "startDate": "2018-04-04",
          "endDate": "2099-01-01"
      },
      {
          "id": "97",
          "account_id": "207326436",
          "campaign_id": "30431355",
          "campaign_name": "test10000test",
          "paused": "0",
          "budget": "100000",
          "schedule": "{\"startDate\":20180408,\"endDate\":20180417,\"monday\":\"000000000000000000000000\",\"tuesday\":\"000000000000000000000000\",\"wednesday\":\"000000000000000000000000\",\"thursday\":\"000000000000000000000000\",\"friday\":\"000000000000000000000000\",\"saturday\":\"111111111111111111111111\",\"sunday\":\"111111111111111111111111\"}",
          "adResourceId": "2",
          "appId": "0",
          "state": "0",
          "invalidReasonList": "",
          "platform": "",
          "campaigns_index": "0",
          "startDate": "2018-04-08",
          "endDate": "2018-04-17"
      },
      {
          "id": "98",
          "account_id": "207326436",
          "campaign_id": "30431381",
          "campaign_name": "test1231",
          "paused": "0",
          "budget": "-1",
          "schedule": "{\"startDate\":20180408,\"endDate\":20990101,\"monday\":\"111111111111111111111111\",\"tuesday\":\"000000000000000000000000\",\"wednesday\":\"000000000000000000000000\",\"thursday\":\"000000000000000000000000\",\"friday\":\"000000000000000000000000\",\"saturday\":\"000000000000000000000000\",\"sunday\":\"000000000000000000000000\"}",
          "adResourceId": "1",
          "appId": "0",
          "state": "0",
          "invalidReasonList": "",
          "platform": "",
          "campaigns_index": "0",
          "startDate": "2018-04-08",
          "endDate": "2099-01-01"
      },
      {
          "id": "99",
          "account_id": "207326436",
          "campaign_id": "12345678",
          "campaign_name": "此计划仅供测试列表，请不要更新或删除(UC没有此计划)",
          "paused": "1",
          "budget": "10000",
          "schedule": "{\"startDate\":20180403,\"endDate\":20990101,\"monday\":\"111111111111111111111111\",\"tuesday\":\"111111111111111111111111\",\"wednesday\":\"111111111111111111111111\",\"thursday\":\"111111111111111111111111\",\"friday\":\"111111111111111111111111\",\"saturday\":\"111111111111111111111111\",\"sunday\":\"111111111111111111111111\"}",
          "adResourceId": "1",
          "appId": "0",
          "state": "1",
          "invalidReasonList": "[\"账户余额不足，请及时充值，以免影响您的正常推广。\"]",
          "platform": "",
          "campaigns_index": "0",
          "startDate": "2018-04-03",
          "endDate": "2099-01-01"
      },
      {
          "id": "100",
          "account_id": "207326436",
          "campaign_id": "30433897",
          "campaign_name": "test12341",
          "paused": "0",
          "budget": "-1",
          "schedule": "{\"startDate\":20180409,\"endDate\":20990101,\"monday\":\"111111111111111111111111\",\"tuesday\":\"111111111111111111111111\",\"wednesday\":\"111111111111111111111111\",\"thursday\":\"111111111111111111111111\",\"friday\":\"111111111111111111111111\",\"saturday\":\"111111111111111111111111\",\"sunday\":\"111111111111111111111111\"}",
          "adResourceId": "1",
          "appId": "0",
          "state": "0",
          "invalidReasonList": "",
          "platform": "",
          "campaigns_index": "0",
          "startDate": "2018-04-09",
          "endDate": "2099-01-01"
      },
      {
          "id": "101",
          "account_id": "207326436",
          "campaign_id": "30433904",
          "campaign_name": "test1000",
          "paused": "0",
          "budget": "-1",
          "schedule": "{\"startDate\":20180409,\"endDate\":20990101,\"monday\":\"111111111111111111111111\",\"tuesday\":\"111111111111111111111111\",\"wednesday\":\"111111111111111111111111\",\"thursday\":\"111111111111111111111111\",\"friday\":\"111111111111111111111111\",\"saturday\":\"111111111111111111111111\",\"sunday\":\"111111111111111111111111\"}",
          "adResourceId": "1",
          "appId": "0",
          "state": "0",
          "invalidReasonList": "",
          "platform": "",
          "campaigns_index": "0",
          "startDate": "2018-04-09",
          "endDate": "2099-01-01"
      },
      {
          "id": "102",
          "account_id": "207326436",
          "campaign_id": "30433911",
          "campaign_name": "test1001",
          "paused": "0",
          "budget": "-1",
          "schedule": "{\"startDate\":20180409,\"endDate\":20990101,\"monday\":\"111111111111111111111111\",\"tuesday\":\"111111111111111111111111\",\"wednesday\":\"111111111111111111111111\",\"thursday\":\"111111111111111111111111\",\"friday\":\"111111111111111111111111\",\"saturday\":\"111111111111111111111111\",\"sunday\":\"111111111111111111111111\"}",
          "adResourceId": "1",
          "appId": "0",
          "state": "0",
          "invalidReasonList": "",
          "platform": "",
          "campaigns_index": "0",
          "startDate": "2018-04-09",
          "endDate": "2099-01-01"
      },
      {
          "id": "103",
          "account_id": "207326436",
          "campaign_id": "30433912",
          "campaign_name": "test1002",
          "paused": "0",
          "budget": "-1",
          "schedule": "{\"startDate\":20180409,\"endDate\":20990101,\"monday\":\"111111111111111111111111\",\"tuesday\":\"111111111111111111111111\",\"wednesday\":\"111111111111111111111111\",\"thursday\":\"111111111111111111111111\",\"friday\":\"111111111111111111111111\",\"saturday\":\"111111111111111111111111\",\"sunday\":\"111111111111111111111111\"}",
          "adResourceId": "1",
          "appId": "0",
          "state": "0",
          "invalidReasonList": "",
          "platform": "",
          "campaigns_index": "0",
          "startDate": "2018-04-09",
          "endDate": "2099-01-01"
      },
      {
          "id": "104",
          "account_id": "207326436",
          "campaign_id": "30433919",
          "campaign_name": "test1003",
          "paused": "0",
          "budget": "-1",
          "schedule": "{\"startDate\":20180409,\"endDate\":20990101,\"monday\":\"111111111111111111111111\",\"tuesday\":\"111111111111111111111111\",\"wednesday\":\"111111111111111111111111\",\"thursday\":\"111111111111111111111111\",\"friday\":\"111111111111111111111111\",\"saturday\":\"111111111111111111111111\",\"sunday\":\"111111111111111111111111\"}",
          "adResourceId": "1",
          "appId": "0",
          "state": "0",
          "invalidReasonList": "",
          "platform": "",
          "campaigns_index": "0",
          "startDate": "2018-04-09",
          "endDate": "2099-01-01"
      },
      {
          "id": "105",
          "account_id": "207326436",
          "campaign_id": "30433921",
          "campaign_name": "test1004",
          "paused": "0",
          "budget": "-1",
          "schedule": "{\"startDate\":20180409,\"endDate\":20990101,\"monday\":\"111111111111111111111111\",\"tuesday\":\"111111111111111111111111\",\"wednesday\":\"111111111111111111111111\",\"thursday\":\"111111111111111111111111\",\"friday\":\"111111111111111111111111\",\"saturday\":\"111111111111111111111111\",\"sunday\":\"111111111111111111111111\"}",
          "adResourceId": "1",
          "appId": "0",
          "state": "0",
          "invalidReasonList": "",
          "platform": "",
          "campaigns_index": "0",
          "startDate": "2018-04-09",
          "endDate": "2099-01-01"
      },
      {
          "id": "106",
          "account_id": "207326436",
          "campaign_id": "30433927",
          "campaign_name": "test1005",
          "paused": "0",
          "budget": "-1",
          "schedule": "{\"startDate\":20180409,\"endDate\":20990101,\"monday\":\"111111111111111111111111\",\"tuesday\":\"111111111111111111111111\",\"wednesday\":\"111111111111111111111111\",\"thursday\":\"111111111111111111111111\",\"friday\":\"111111111111111111111111\",\"saturday\":\"111111111111111111111111\",\"sunday\":\"111111111111111111111111\"}",
          "adResourceId": "1",
          "appId": "0",
          "state": "0",
          "invalidReasonList": "",
          "platform": "",
          "campaigns_index": "0",
          "startDate": "2018-04-09",
          "endDate": "2099-01-01"
      }
  ]
}