{
  "ret": 1,
  "msg": "succ",
  "data": [
    {
      "id": "1",
      "account_id": "207326436",
      "campaign_id": "30441770",
      "adgroup_id": "30837813",
      "adgroup_name": "\u68b5\u8482\u5188",
      "agent_id": "0",
      "game_id": "0",
      "site_id": "0",
      "generalizeType": "2",
      "chargeType": "1",
      "bid": "1",
      "secondBid": "0",
      "targeting_id": "141",
      "paused": "0",
      "adconvertId": "0",
      "convertMonitorType": "0",
      "optimizationTarget": "1",
      "bidStage": "1",
      "state": "0",
      "adResourceId": "1",
      "platform": "010",
      "unitType": "0",
      "invalidReasonList":
        "[\"\u8be5\u5355\u5143\u6240\u5728\u8ba1\u5212\u4e3a\u6682\u505c\u72b6\u6001\u3002\"]",
      "adgroup_index": "0",
      "created_time": "0",
      "last_modified_time": "0"
    },
    {
      "id": "2",
      "account_id": "207326436",
      "campaign_id": "30433652",
      "adgroup_id": "30824138",
      "adgroup_name": "test1232",
      "agent_id": "0",
      "game_id": "0",
      "site_id": "0",
      "generalizeType": "1",
      "chargeType": "1",
      "bid": "11",
      "secondBid": "0",
      "targeting_id": "142",
      "paused": "0",
      "adconvertId": "0",
      "convertMonitorType": "0",
      "optimizationTarget": "1",
      "bidStage": "1",
      "state": "0",
      "adResourceId": "1",
      "platform": "111",
      "unitType": "0",
      "invalidReasonList":
        "[\"\u8be5\u5355\u5143\u6240\u5728\u8ba1\u5212\u4e3a\u6682\u505c\u72b6\u6001\u3002\",\"\u8be5\u5355\u5143\u6240\u5728\u8ba1\u5212\u4e0d\u5728\u63a8\u5e7f\u65f6\u6bb5\uff0c\u8bf7\u5230\u63a8\u5e7f\u8ba1\u5212\u8bbe\u7f6e\u4e2d\u4fee\u6539\u63a8\u5e7f\u65f6\u6bb5\u3002\"]",
      "adgroup_index": "0",
      "created_time": "0",
      "last_modified_time": "0"
    },
    {
      "id": "3",
      "account_id": "207326436",
      "campaign_id": "30433652",
      "adgroup_id": "30834937",
      "adgroup_name": "teset123",
      "agent_id": "0",
      "game_id": "0",
      "site_id": "0",
      "generalizeType": "1",
      "chargeType": "1",
      "bid": "11",
      "secondBid": "0",
      "targeting_id": "143",
      "paused": "0",
      "adconvertId": "0",
      "convertMonitorType": "0",
      "optimizationTarget": "1",
      "bidStage": "1",
      "state": "0",
      "adResourceId": "1",
      "platform": "111",
      "unitType": "0",
      "invalidReasonList":
        "[\"\u8be5\u5355\u5143\u6240\u5728\u8ba1\u5212\u4e3a\u6682\u505c\u72b6\u6001\u3002\",\"\u8be5\u5355\u5143\u6240\u5728\u8ba1\u5212\u4e0d\u5728\u63a8\u5e7f\u65f6\u6bb5\uff0c\u8bf7\u5230\u63a8\u5e7f\u8ba1\u5212\u8bbe\u7f6e\u4e2d\u4fee\u6539\u63a8\u5e7f\u65f6\u6bb5\u3002\"]",
      "adgroup_index": "0",
      "created_time": "0",
      "last_modified_time": "0"
    },
    {
      "id": "4",
      "account_id": "207326436",
      "campaign_id": "30431615",
      "adgroup_id": "30819242",
      "adgroup_name": "1231213123",
      "agent_id": "0",
      "game_id": "0",
      "site_id": "0",
      "generalizeType": "1",
      "chargeType": "1",
      "bid": "11",
      "secondBid": "0",
      "targeting_id": "144",
      "paused": "1",
      "adconvertId": "23154",
      "convertMonitorType": "1",
      "optimizationTarget": "1",
      "bidStage": "1",
      "state": "0",
      "adResourceId": "1",
      "platform": "111",
      "unitType": "0",
      "invalidReasonList":
        "[\"\u8be5\u5355\u5143\u6240\u5728\u8ba1\u5212\u4e3a\u6682\u505c\u72b6\u6001\u3002\"]",
      "adgroup_index": "0",
      "created_time": "0",
      "last_modified_time": "0"
    },
    {
      "id": "5",
      "account_id": "207326436",
      "campaign_id": "30428823",
      "adgroup_id": "30815671",
      "adgroup_name": "\u7ffb\u5230",
      "agent_id": "0",
      "game_id": "0",
      "site_id": "0",
      "generalizeType": "1",
      "chargeType": "1",
      "bid": "1",
      "secondBid": "0",
      "targeting_id": "145",
      "paused": "0",
      "adconvertId": "0",
      "convertMonitorType": "0",
      "optimizationTarget": "1",
      "bidStage": "1",
      "state": "0",
      "adResourceId": "1",
      "platform": "111",
      "unitType": "0",
      "invalidReasonList":
        "[\"\u8be5\u5355\u5143\u6240\u5728\u8ba1\u5212\u4e3a\u6682\u505c\u72b6\u6001\u3002\"]",
      "adgroup_index": "0",
      "created_time": "0",
      "last_modified_time": "0"
    },
    {
      "id": "6",
      "account_id": "207326436",
      "campaign_id": "30428823",
      "adgroup_id": "30816883",
      "adgroup_name": "\u7ffb\u5230-162348",
      "agent_id": "0",
      "game_id": "0",
      "site_id": "0",
      "generalizeType": "1",
      "chargeType": "1",
      "bid": "1",
      "secondBid": "0",
      "targeting_id": "146",
      "paused": "0",
      "adconvertId": "0",
      "convertMonitorType": "0",
      "optimizationTarget": "1",
      "bidStage": "1",
      "state": "0",
      "adResourceId": "1",
      "platform": "111",
      "unitType": "0",
      "invalidReasonList":
        "[\"\u8be5\u5355\u5143\u6240\u5728\u8ba1\u5212\u4e3a\u6682\u505c\u72b6\u6001\u3002\"]",
      "adgroup_index": "0",
      "created_time": "0",
      "last_modified_time": "0"
    },
    {
      "id": "7",
      "account_id": "207326436",
      "campaign_id": "30428823",
      "adgroup_id": "30816925",
      "adgroup_name": "\u7ffb\u5230-163034",
      "agent_id": "0",
      "game_id": "0",
      "site_id": "0",
      "generalizeType": "1",
      "chargeType": "1",
      "bid": "1",
      "secondBid": "0",
      "targeting_id": "147",
      "paused": "0",
      "adconvertId": "0",
      "convertMonitorType": "0",
      "optimizationTarget": "1",
      "bidStage": "1",
      "state": "0",
      "adResourceId": "1",
      "platform": "111",
      "unitType": "0",
      "invalidReasonList":
        "[\"\u8be5\u5355\u5143\u6240\u5728\u8ba1\u5212\u4e3a\u6682\u505c\u72b6\u6001\u3002\"]",
      "adgroup_index": "0",
      "created_time": "0",
      "last_modified_time": "0"
    },
    {
      "id": "8",
      "account_id": "207326436",
      "campaign_id": "30428816",
      "adgroup_id": "30816468",
      "adgroup_name": "\u9f99\u817eios-\u4e09\u8fde-146031-073542",
      "agent_id": "0",
      "game_id": "0",
      "site_id": "0",
      "generalizeType": "1",
      "chargeType": "1",
      "bid": "6.50",
      "secondBid": "250",
      "targeting_id": "148",
      "paused": "0",
      "adconvertId": "17280",
      "convertMonitorType": "1",
      "optimizationTarget": "3",
      "bidStage": "1",
      "state": "0",
      "adResourceId": "1",
      "platform": "001",
      "unitType": "0",
      "invalidReasonList":
        "[\"\u8be5\u5355\u5143\u6240\u5728\u8ba1\u5212\u4e3a\u6682\u505c\u72b6\u6001\u3002\"]",
      "adgroup_index": "0",
      "created_time": "0",
      "last_modified_time": "0"
    },
    {
      "id": "9",
      "account_id": "207326436",
      "campaign_id": "30428816",
      "adgroup_id": "30816507",
      "adgroup_name": "\u9f99\u817eios-\u4e09\u8fde-146031-074051",
      "agent_id": "0",
      "game_id": "0",
      "site_id": "0",
      "generalizeType": "1",
      "chargeType": "1",
      "bid": "6.50",
      "secondBid": "250",
      "targeting_id": "149",
      "paused": "0",
      "adconvertId": "17280",
      "convertMonitorType": "1",
      "optimizationTarget": "3",
      "bidStage": "1",
      "state": "0",
      "adResourceId": "1",
      "platform": "001",
      "unitType": "0",
      "invalidReasonList":
        "[\"\u8be5\u5355\u5143\u6240\u5728\u8ba1\u5212\u4e3a\u6682\u505c\u72b6\u6001\u3002\"]",
      "adgroup_index": "0",
      "created_time": "0",
      "last_modified_time": "0"
    },
    {
      "id": "10",
      "account_id": "207326436",
      "campaign_id": "30428813",
      "adgroup_id": "30815664",
      "adgroup_name": "3454",
      "agent_id": "0",
      "game_id": "0",
      "site_id": "0",
      "generalizeType": "1",
      "chargeType": "1",
      "bid": "1",
      "secondBid": "0",
      "targeting_id": "150",
      "paused": "0",
      "adconvertId": "0",
      "convertMonitorType": "0",
      "optimizationTarget": "1",
      "bidStage": "1",
      "state": "0",
      "adResourceId": "1",
      "platform": "111",
      "unitType": "0",
      "invalidReasonList":
        "[\"\u8be5\u5355\u5143\u6240\u5728\u8ba1\u5212\u4e3a\u6682\u505c\u72b6\u6001\u3002\"]",
      "adgroup_index": "0",
      "created_time": "0",
      "last_modified_time": "0"
    },
    {
      "id": "11",
      "account_id": "207326436",
      "campaign_id": "30427924",
      "adgroup_id": "30815660",
      "adgroup_name": "324",
      "agent_id": "0",
      "game_id": "0",
      "site_id": "0",
      "generalizeType": "1",
      "chargeType": "1",
      "bid": "2",
      "secondBid": "0",
      "targeting_id": "151",
      "paused": "0",
      "adconvertId": "0",
      "convertMonitorType": "0",
      "optimizationTarget": "1",
      "bidStage": "1",
      "state": "0",
      "adResourceId": "1",
      "platform": "111",
      "unitType": "0",
      "invalidReasonList":
        "[\"\u8be5\u5355\u5143\u6240\u5728\u8ba1\u5212\u4e3a\u6682\u505c\u72b6\u6001\u3002\",\"\u8be5\u5355\u5143\u6240\u5728\u8ba1\u5212\u4e0d\u5728\u63a8\u5e7f\u5468\u671f\uff0c\u8bf7\u5230\u63a8\u5e7f\u8ba1\u5212\u8bbe\u7f6e\u4e2d\u4fee\u6539\u63a8\u5e7f\u5468\u671f\u3002\"]",
      "adgroup_index": "0",
      "created_time": "0",
      "last_modified_time": "0"
    },
    {
      "id": "12",
      "account_id": "207326436",
      "campaign_id": "30427923",
      "adgroup_id": "30815659",
      "adgroup_name": "5445",
      "agent_id": "0",
      "game_id": "0",
      "site_id": "0",
      "generalizeType": "1",
      "chargeType": "1",
      "bid": "1.21",
      "secondBid": "1",
      "targeting_id": "152",
      "paused": "1",
      "adconvertId": "0",
      "convertMonitorType": "2",
      "optimizationTarget": "3",
      "bidStage": "1",
      "state": "0",
      "adResourceId": "1",
      "platform": "111",
      "unitType": "0",
      "invalidReasonList":
        "[\"\u8be5\u5355\u5143\u6240\u5728\u8ba1\u5212\u4e3a\u6682\u505c\u72b6\u6001\u3002\"]",
      "adgroup_index": "0",
      "created_time": "0",
      "last_modified_time": "0"
    },
    {
      "id": "13",
      "account_id": "207326436",
      "campaign_id": "30427900",
      "adgroup_id": "30815656",
      "adgroup_name": "234",
      "agent_id": "0",
      "game_id": "0",
      "site_id": "0",
      "generalizeType": "1",
      "chargeType": "1",
      "bid": "1",
      "secondBid": "0",
      "targeting_id": "153",
      "paused": "1",
      "adconvertId": "0",
      "convertMonitorType": "0",
      "optimizationTarget": "1",
      "bidStage": "1",
      "state": "0",
      "adResourceId": "1",
      "platform": "111",
      "unitType": "0",
      "invalidReasonList":
        "[\"\u8be5\u5355\u5143\u6240\u5728\u8ba1\u5212\u4e3a\u6682\u505c\u72b6\u6001\u3002\"]",
      "adgroup_index": "0",
      "created_time": "0",
      "last_modified_time": "0"
    },
    {
      "id": "14",
      "account_id": "207326436",
      "campaign_id": "30426378",
      "adgroup_id": "30815654",
      "adgroup_name": "\u5730\u65b9\u5b98",
      "agent_id": "0",
      "game_id": "0",
      "site_id": "0",
      "generalizeType": "1",
      "chargeType": "1",
      "bid": "1",
      "secondBid": "0",
      "targeting_id": "154",
      "paused": "1",
      "adconvertId": "0",
      "convertMonitorType": "0",
      "optimizationTarget": "1",
      "bidStage": "1",
      "state": "0",
      "adResourceId": "1",
      "platform": "111",
      "unitType": "0",
      "invalidReasonList":
        "[\"\u8be5\u5355\u5143\u6240\u5728\u8ba1\u5212\u4e3a\u6682\u505c\u72b6\u6001\u3002\",\"\u8be5\u5355\u5143\u6240\u5728\u8ba1\u5212\u4e0d\u5728\u63a8\u5e7f\u65f6\u6bb5\uff0c\u8bf7\u5230\u63a8\u5e7f\u8ba1\u5212\u8bbe\u7f6e\u4e2d\u4fee\u6539\u63a8\u5e7f\u65f6\u6bb5\u3002\"]",
      "adgroup_index": "0",
      "created_time": "0",
      "last_modified_time": "0"
    },
    {
      "id": "15",
      "account_id": "207326436",
      "campaign_id": "30426378",
      "adgroup_id": "30819024",
      "adgroup_name": "\u5730\u65b9\u5b98-\u590d\u5236",
      "agent_id": "0",
      "game_id": "0",
      "site_id": "0",
      "generalizeType": "1",
      "chargeType": "1",
      "bid": "1",
      "secondBid": "0",
      "targeting_id": "155",
      "paused": "1",
      "adconvertId": "23166",
      "convertMonitorType": "1",
      "optimizationTarget": "1",
      "bidStage": "1",
      "state": "0",
      "adResourceId": "1",
      "platform": "111",
      "unitType": "0",
      "invalidReasonList":
        "[\"\u8be5\u5355\u5143\u6240\u5728\u8ba1\u5212\u4e3a\u6682\u505c\u72b6\u6001\u3002\",\"\u8be5\u5355\u5143\u6240\u5728\u8ba1\u5212\u4e0d\u5728\u63a8\u5e7f\u65f6\u6bb5\uff0c\u8bf7\u5230\u63a8\u5e7f\u8ba1\u5212\u8bbe\u7f6e\u4e2d\u4fee\u6539\u63a8\u5e7f\u65f6\u6bb5\u3002\"]",
      "adgroup_index": "0",
      "created_time": "0",
      "last_modified_time": "0"
    },
    {
      "id": "16",
      "account_id": "207326459",
      "campaign_id": "30440453",
      "adgroup_id": "30833585",
      "adgroup_name": "4-11\u6e23\u8f89\u5b89\u5353-164526-04-\u590d\u5236",
      "agent_id": "102027",
      "game_id": "695",
      "site_id": "164526",
      "generalizeType": "1",
      "chargeType": "1",
      "bid": "3.88",
      "secondBid": "110.88",
      "targeting_id": "156",
      "paused": "0",
      "adconvertId": "47966",
      "convertMonitorType": "1",
      "optimizationTarget": "3",
      "bidStage": "1",
      "state": "0",
      "adResourceId": "1",
      "platform": "010",
      "unitType": "0",
      "invalidReasonList":
        "[\"\u8be5\u5355\u5143\u6240\u5728\u8ba1\u5212\u4e3a\u6682\u505c\u72b6\u6001\u3002\"]",
      "adgroup_index": "0",
      "created_time": "0",
      "last_modified_time": "0"
    },
    {
      "id": "17",
      "account_id": "207326459",
      "campaign_id": "30440443",
      "adgroup_id": "30833572",
      "adgroup_name": "4-11\u6e23\u8f89\u5b89\u5353-164527-03-\u590d\u5236",
      "agent_id": "102027",
      "game_id": "695",
      "site_id": "164527",
      "generalizeType": "1",
      "chargeType": "1",
      "bid": "3.88",
      "secondBid": "110.88",
      "targeting_id": "157",
      "paused": "0",
      "adconvertId": "47963",
      "convertMonitorType": "1",
      "optimizationTarget": "3",
      "bidStage": "1",
      "state": "0",
      "adResourceId": "1",
      "platform": "010",
      "unitType": "0",
      "invalidReasonList":
        "[\"\u8be5\u5355\u5143\u6240\u5728\u8ba1\u5212\u4e3a\u6682\u505c\u72b6\u6001\u3002\"]",
      "adgroup_index": "0",
      "created_time": "0",
      "last_modified_time": "0"
    },
    {
      "id": "18",
      "account_id": "207326459",
      "campaign_id": "30440074",
      "adgroup_id": "30832912",
      "adgroup_name": "4-11\u6e23\u8f89\u5b89\u5353-164528-02-\u590d\u5236",
      "agent_id": "102027",
      "game_id": "695",
      "site_id": "164528",
      "generalizeType": "1",
      "chargeType": "1",
      "bid": "3.88",
      "secondBid": "110.88",
      "targeting_id": "158",
      "paused": "0",
      "adconvertId": "47960",
      "convertMonitorType": "1",
      "optimizationTarget": "3",
      "bidStage": "1",
      "state": "0",
      "adResourceId": "1",
      "platform": "010",
      "unitType": "0",
      "invalidReasonList":
        "[\"\u8be5\u5355\u5143\u6240\u5728\u8ba1\u5212\u4e3a\u6682\u505c\u72b6\u6001\u3002\"]",
      "adgroup_index": "0",
      "created_time": "0",
      "last_modified_time": "0"
    },
    {
      "id": "19",
      "account_id": "207326459",
      "campaign_id": "30440056",
      "adgroup_id": "30832884",
      "adgroup_name": "4-11\u6e23\u8f89\u5b89\u5353-164529-01-\u590d\u5236",
      "agent_id": "102027",
      "game_id": "695",
      "site_id": "164529",
      "generalizeType": "1",
      "chargeType": "1",
      "bid": "3.88",
      "secondBid": "110.88",
      "targeting_id": "159",
      "paused": "0",
      "adconvertId": "47958",
      "convertMonitorType": "1",
      "optimizationTarget": "3",
      "bidStage": "1",
      "state": "0",
      "adResourceId": "1",
      "platform": "010",
      "unitType": "0",
      "invalidReasonList":
        "[\"\u8be5\u5355\u5143\u6240\u5728\u8ba1\u5212\u4e3a\u6682\u505c\u72b6\u6001\u3002\"]",
      "adgroup_index": "0",
      "created_time": "0",
      "last_modified_time": "0"
    },
    {
      "id": "20",
      "account_id": "207326459",
      "campaign_id": "30440028",
      "adgroup_id": "30832842",
      "adgroup_name": "4-11\u6e23\u8f89\u5b89\u5353-164526-04",
      "agent_id": "102027",
      "game_id": "695",
      "site_id": "164526",
      "generalizeType": "1",
      "chargeType": "1",
      "bid": "3.88",
      "secondBid": "110.88",
      "targeting_id": "160",
      "paused": "0",
      "adconvertId": "47966",
      "convertMonitorType": "1",
      "optimizationTarget": "3",
      "bidStage": "1",
      "state": "0",
      "adResourceId": "1",
      "platform": "010",
      "unitType": "0",
      "invalidReasonList":
        "[\"\u8be5\u5355\u5143\u6240\u5728\u8ba1\u5212\u4e3a\u6682\u505c\u72b6\u6001\u3002\"]",
      "adgroup_index": "0",
      "created_time": "0",
      "last_modified_time": "0"
    },
    {
      "id": "21",
      "account_id": "207326459",
      "campaign_id": "30440016",
      "adgroup_id": "30832823",
      "adgroup_name": "4-11\u6e23\u8f89\u5b89\u5353-164527-03",
      "agent_id": "102027",
      "game_id": "695",
      "site_id": "164527",
      "generalizeType": "1",
      "chargeType": "1",
      "bid": "3.88",
      "secondBid": "110.88",
      "targeting_id": "161",
      "paused": "0",
      "adconvertId": "47963",
      "convertMonitorType": "1",
      "optimizationTarget": "3",
      "bidStage": "1",
      "state": "0",
      "adResourceId": "1",
      "platform": "010",
      "unitType": "0",
      "invalidReasonList":
        "[\"\u8be5\u5355\u5143\u6240\u5728\u8ba1\u5212\u4e3a\u6682\u505c\u72b6\u6001\u3002\"]",
      "adgroup_index": "0",
      "created_time": "0",
      "last_modified_time": "0"
    },
    {
      "id": "22",
      "account_id": "207326459",
      "campaign_id": "30439997",
      "adgroup_id": "30832785",
      "adgroup_name": "4-11\u6e23\u8f89\u5b89\u5353-164528-02",
      "agent_id": "102027",
      "game_id": "695",
      "site_id": "164528",
      "generalizeType": "1",
      "chargeType": "1",
      "bid": "3.88",
      "secondBid": "110.88",
      "targeting_id": "162",
      "paused": "0",
      "adconvertId": "47960",
      "convertMonitorType": "1",
      "optimizationTarget": "3",
      "bidStage": "1",
      "state": "0",
      "adResourceId": "1",
      "platform": "010",
      "unitType": "0",
      "invalidReasonList":
        "[\"\u8be5\u5355\u5143\u6240\u5728\u8ba1\u5212\u4e3a\u6682\u505c\u72b6\u6001\u3002\"]",
      "adgroup_index": "0",
      "created_time": "0",
      "last_modified_time": "0"
    },
    {
      "id": "23",
      "account_id": "207326459",
      "campaign_id": "30439930",
      "adgroup_id": "30832700",
      "adgroup_name": "4-11\u6e23\u8f89\u5b89\u5353-164529-01",
      "agent_id": "102027",
      "game_id": "695",
      "site_id": "164529",
      "generalizeType": "1",
      "chargeType": "1",
      "bid": "3.88",
      "secondBid": "110.88",
      "targeting_id": "163",
      "paused": "0",
      "adconvertId": "47958",
      "convertMonitorType": "1",
      "optimizationTarget": "3",
      "bidStage": "1",
      "state": "0",
      "adResourceId": "1",
      "platform": "010",
      "unitType": "0",
      "invalidReasonList":
        "[\"\u8be5\u5355\u5143\u6240\u5728\u8ba1\u5212\u4e3a\u6682\u505c\u72b6\u6001\u3002\"]",
      "adgroup_index": "0",
      "created_time": "0",
      "last_modified_time": "0"
    },
    {
      "id": "24",
      "account_id": "207326456",
      "campaign_id": "30443079",
      "adgroup_id": "30837796",
      "adgroup_name": "160084",
      "agent_id": "0",
      "game_id": "0",
      "site_id": "0",
      "generalizeType": "1",
      "chargeType": "1",
      "bid": "6",
      "secondBid": "430.01",
      "targeting_id": "164",
      "paused": "0",
      "adconvertId": "40977",
      "convertMonitorType": "1",
      "optimizationTarget": "3",
      "bidStage": "1",
      "state": "0",
      "adResourceId": "1",
      "platform": "001",
      "unitType": "0",
      "invalidReasonList": "",
      "adgroup_index": "0",
      "created_time": "0",
      "last_modified_time": "0"
    },
    {
      "id": "25",
      "account_id": "207326456",
      "campaign_id": "30443018",
      "adgroup_id": "30837690",
      "adgroup_name": "160082",
      "agent_id": "101694",
      "game_id": "360",
      "site_id": "160083",
      "generalizeType": "1",
      "chargeType": "1",
      "bid": "6",
      "secondBid": "430.01",
      "targeting_id": "165",
      "paused": "0",
      "adconvertId": "40975",
      "convertMonitorType": "1",
      "optimizationTarget": "3",
      "bidStage": "1",
      "state": "0",
      "adResourceId": "1",
      "platform": "001",
      "unitType": "0",
      "invalidReasonList":
        "[\"\u8be5\u5355\u5143\u6240\u5728\u8ba1\u5212\u4e3a\u6682\u505c\u72b6\u6001\u3002\"]",
      "adgroup_index": "0",
      "created_time": "0",
      "last_modified_time": "0"
    },
    {
      "id": "26",
      "account_id": "207326456",
      "campaign_id": "30414752",
      "adgroup_id": "30789679",
      "adgroup_name": "160083",
      "agent_id": "101694",
      "game_id": "360",
      "site_id": "160083",
      "generalizeType": "1",
      "chargeType": "1",
      "bid": "6",
      "secondBid": "430.01",
      "targeting_id": "166",
      "paused": "0",
      "adconvertId": "40975",
      "convertMonitorType": "1",
      "optimizationTarget": "3",
      "bidStage": "2",
      "state": "0",
      "adResourceId": "1",
      "platform": "001",
      "unitType": "0",
      "invalidReasonList":
        "[\"\u8be5\u5355\u5143\u6240\u5728\u8ba1\u5212\u4e0d\u5728\u63a8\u5e7f\u5468\u671f\uff0c\u8bf7\u5230\u63a8\u5e7f\u8ba1\u5212\u8bbe\u7f6e\u4e2d\u4fee\u6539\u63a8\u5e7f\u5468\u671f\u3002\"]",
      "adgroup_index": "0",
      "created_time": "0",
      "last_modified_time": "0"
    },
    {
      "id": "27",
      "account_id": "207326463",
      "campaign_id": "30422191",
      "adgroup_id": "30802839",
      "adgroup_name": "3-28\u8d2a\u84dd\u5b89\u5353-162292-04-\u590d\u5236",
      "agent_id": "0",
      "game_id": "0",
      "site_id": "0",
      "generalizeType": "1",
      "chargeType": "1",
      "bid": "3.88",
      "secondBid": "150.01",
      "targeting_id": "167",
      "paused": "0",
      "adconvertId": "44081",
      "convertMonitorType": "1",
      "optimizationTarget": "3",
      "bidStage": "1",
      "state": "0",
      "adResourceId": "1",
      "platform": "010",
      "unitType": "0",
      "invalidReasonList":
        "[\"\u8be5\u5355\u5143\u6240\u5728\u8ba1\u5212\u4e3a\u6682\u505c\u72b6\u6001\u3002\"]",
      "adgroup_index": "0",
      "created_time": "0",
      "last_modified_time": "0"
    },
    {
      "id": "28",
      "account_id": "207326463",
      "campaign_id": "30422188",
      "adgroup_id": "30802837",
      "adgroup_name": "3-28\u8d2a\u84dd\u5b89\u5353-162293-03-\u590d\u5236",
      "agent_id": "0",
      "game_id": "0",
      "site_id": "0",
      "generalizeType": "1",
      "chargeType": "1",
      "bid": "3.88",
      "secondBid": "150.01",
      "targeting_id": "168",
      "paused": "0",
      "adconvertId": "44080",
      "convertMonitorType": "1",
      "optimizationTarget": "3",
      "bidStage": "1",
      "state": "0",
      "adResourceId": "1",
      "platform": "010",
      "unitType": "0",
      "invalidReasonList":
        "[\"\u8be5\u5355\u5143\u6240\u5728\u8ba1\u5212\u4e3a\u6682\u505c\u72b6\u6001\u3002\"]",
      "adgroup_index": "0",
      "created_time": "0",
      "last_modified_time": "0"
    },
    {
      "id": "29",
      "account_id": "207326463",
      "campaign_id": "30422185",
      "adgroup_id": "30802830",
      "adgroup_name": "3-28\u8d2a\u84dd\u5b89\u5353-162294-02-\u590d\u5236",
      "agent_id": "0",
      "game_id": "0",
      "site_id": "0",
      "generalizeType": "1",
      "chargeType": "1",
      "bid": "3.88",
      "secondBid": "150.01",
      "targeting_id": "169",
      "paused": "0",
      "adconvertId": "44079",
      "convertMonitorType": "1",
      "optimizationTarget": "3",
      "bidStage": "1",
      "state": "0",
      "adResourceId": "1",
      "platform": "010",
      "unitType": "0",
      "invalidReasonList":
        "[\"\u8be5\u5355\u5143\u6240\u5728\u8ba1\u5212\u4e3a\u6682\u505c\u72b6\u6001\u3002\"]",
      "adgroup_index": "0",
      "created_time": "0",
      "last_modified_time": "0"
    },
    {
      "id": "30",
      "account_id": "207326463",
      "campaign_id": "30422184",
      "adgroup_id": "30802826",
      "adgroup_name": "3-28\u8d2a\u84dd\u5b89\u5353-162295-01-\u590d\u5236",
      "agent_id": "101973",
      "game_id": "156",
      "site_id": "162295",
      "generalizeType": "1",
      "chargeType": "1",
      "bid": "3.88",
      "secondBid": "130.01",
      "targeting_id": "170",
      "paused": "0",
      "adconvertId": "44078",
      "convertMonitorType": "1",
      "optimizationTarget": "3",
      "bidStage": "2",
      "state": "0",
      "adResourceId": "1",
      "platform": "010",
      "unitType": "0",
      "invalidReasonList": "",
      "adgroup_index": "0",
      "created_time": "0",
      "last_modified_time": "0"
    },
    {
      "id": "31",
      "account_id": "207326463",
      "campaign_id": "30422180",
      "adgroup_id": "30802823",
      "adgroup_name": "3-28\u8d2a\u84dd\u5b89\u5353-162292-04",
      "agent_id": "0",
      "game_id": "0",
      "site_id": "0",
      "generalizeType": "1",
      "chargeType": "1",
      "bid": "3.88",
      "secondBid": "150.01",
      "targeting_id": "171",
      "paused": "0",
      "adconvertId": "44081",
      "convertMonitorType": "1",
      "optimizationTarget": "3",
      "bidStage": "1",
      "state": "0",
      "adResourceId": "1",
      "platform": "010",
      "unitType": "0",
      "invalidReasonList":
        "[\"\u8be5\u5355\u5143\u6240\u5728\u8ba1\u5212\u4e3a\u6682\u505c\u72b6\u6001\u3002\"]",
      "adgroup_index": "0",
      "created_time": "0",
      "last_modified_time": "0"
    },
    {
      "id": "32",
      "account_id": "207326463",
      "campaign_id": "30422178",
      "adgroup_id": "30802819",
      "adgroup_name": "3-28\u8d2a\u84dd\u5b89\u5353-162293-03",
      "agent_id": "0",
      "game_id": "0",
      "site_id": "0",
      "generalizeType": "1",
      "chargeType": "1",
      "bid": "3.88",
      "secondBid": "150.01",
      "targeting_id": "172",
      "paused": "0",
      "adconvertId": "44080",
      "convertMonitorType": "1",
      "optimizationTarget": "3",
      "bidStage": "1",
      "state": "0",
      "adResourceId": "1",
      "platform": "010",
      "unitType": "0",
      "invalidReasonList":
        "[\"\u8be5\u5355\u5143\u6240\u5728\u8ba1\u5212\u4e3a\u6682\u505c\u72b6\u6001\u3002\"]",
      "adgroup_index": "0",
      "created_time": "0",
      "last_modified_time": "0"
    },
    {
      "id": "33",
      "account_id": "207326463",
      "campaign_id": "30422177",
      "adgroup_id": "30802818",
      "adgroup_name": "3-28\u8d2a\u84dd\u5b89\u5353-162294-02",
      "agent_id": "0",
      "game_id": "0",
      "site_id": "0",
      "generalizeType": "1",
      "chargeType": "1",
      "bid": "3.88",
      "secondBid": "150.01",
      "targeting_id": "173",
      "paused": "0",
      "adconvertId": "44079",
      "convertMonitorType": "1",
      "optimizationTarget": "3",
      "bidStage": "1",
      "state": "0",
      "adResourceId": "1",
      "platform": "010",
      "unitType": "0",
      "invalidReasonList":
        "[\"\u8be5\u5355\u5143\u6240\u5728\u8ba1\u5212\u4e3a\u6682\u505c\u72b6\u6001\u3002\"]",
      "adgroup_index": "0",
      "created_time": "0",
      "last_modified_time": "0"
    },
    {
      "id": "34",
      "account_id": "207326463",
      "campaign_id": "30422170",
      "adgroup_id": "30802814",
      "adgroup_name": "3-28\u8d2a\u84dd\u5b89\u5353-162295-01",
      "agent_id": "101973",
      "game_id": "156",
      "site_id": "162295",
      "generalizeType": "1",
      "chargeType": "1",
      "bid": "3.88",
      "secondBid": "150.01",
      "targeting_id": "174",
      "paused": "0",
      "adconvertId": "44078",
      "convertMonitorType": "1",
      "optimizationTarget": "3",
      "bidStage": "1",
      "state": "0",
      "adResourceId": "1",
      "platform": "010",
      "unitType": "0",
      "invalidReasonList":
        "[\"\u8be5\u5355\u5143\u6240\u5728\u8ba1\u5212\u4e3a\u6682\u505c\u72b6\u6001\u3002\"]",
      "adgroup_index": "0",
      "created_time": "0",
      "last_modified_time": "0"
    },
    {
      "id": "35",
      "account_id": "207326439",
      "campaign_id": "30373681",
      "adgroup_id": "30715982",
      "adgroup_name": "2-25-H5\u84dd\u4e89IOS(154023)-04",
      "agent_id": "101659",
      "game_id": "403",
      "site_id": "154023",
      "generalizeType": "1",
      "chargeType": "1",
      "bid": "4.68",
      "secondBid": "338.01",
      "targeting_id": "175",
      "paused": "0",
      "adconvertId": "44554",
      "convertMonitorType": "1",
      "optimizationTarget": "3",
      "bidStage": "2",
      "state": "0",
      "adResourceId": "1",
      "platform": "001",
      "unitType": "0",
      "invalidReasonList": "",
      "adgroup_index": "0",
      "created_time": "0",
      "last_modified_time": "0"
    },
    {
      "id": "36",
      "account_id": "207326439",
      "campaign_id": "30373678",
      "adgroup_id": "30715979",
      "adgroup_name": "2-25-H5\u84dd\u4e89IOS(154024)-03",
      "agent_id": "0",
      "game_id": "0",
      "site_id": "0",
      "generalizeType": "1",
      "chargeType": "1",
      "bid": "4.88",
      "secondBid": "299.01",
      "targeting_id": "176",
      "paused": "0",
      "adconvertId": "31644",
      "convertMonitorType": "1",
      "optimizationTarget": "3",
      "bidStage": "1",
      "state": "0",
      "adResourceId": "1",
      "platform": "001",
      "unitType": "0",
      "invalidReasonList":
        "[\"\u8be5\u5355\u5143\u6240\u5728\u8ba1\u5212\u4e3a\u6682\u505c\u72b6\u6001\u3002\"]",
      "adgroup_index": "0",
      "created_time": "0",
      "last_modified_time": "0"
    },
    {
      "id": "37",
      "account_id": "207326439",
      "campaign_id": "30373676",
      "adgroup_id": "30715977",
      "adgroup_name": "2-25-H5\u84dd\u4e89IOS(154025)-02",
      "agent_id": "0",
      "game_id": "0",
      "site_id": "0",
      "generalizeType": "1",
      "chargeType": "1",
      "bid": "4.88",
      "secondBid": "299.01",
      "targeting_id": "177",
      "paused": "0",
      "adconvertId": "31643",
      "convertMonitorType": "1",
      "optimizationTarget": "3",
      "bidStage": "1",
      "state": "0",
      "adResourceId": "1",
      "platform": "001",
      "unitType": "0",
      "invalidReasonList":
        "[\"\u8be5\u5355\u5143\u6240\u5728\u8ba1\u5212\u4e3a\u6682\u505c\u72b6\u6001\u3002\"]",
      "adgroup_index": "0",
      "created_time": "0",
      "last_modified_time": "0"
    },
    {
      "id": "38",
      "account_id": "207326439",
      "campaign_id": "30373675",
      "adgroup_id": "30715974",
      "adgroup_name": "2-25-H5\u84dd\u4e89IOS(154026)-01",
      "agent_id": "0",
      "game_id": "0",
      "site_id": "0",
      "generalizeType": "1",
      "chargeType": "1",
      "bid": "4.88",
      "secondBid": "299.01",
      "targeting_id": "178",
      "paused": "0",
      "adconvertId": "31642",
      "convertMonitorType": "1",
      "optimizationTarget": "3",
      "bidStage": "1",
      "state": "0",
      "adResourceId": "1",
      "platform": "001",
      "unitType": "0",
      "invalidReasonList":
        "[\"\u8be5\u5355\u5143\u6240\u5728\u8ba1\u5212\u4e3a\u6682\u505c\u72b6\u6001\u3002\"]",
      "adgroup_index": "0",
      "created_time": "0",
      "last_modified_time": "0"
    },
    {
      "id": "39",
      "account_id": "207326439",
      "campaign_id": "30373672",
      "adgroup_id": "30715966",
      "adgroup_name": "2-25-H5\u84dd\u4e89IOS(154023)-4",
      "agent_id": "0",
      "game_id": "0",
      "site_id": "0",
      "generalizeType": "1",
      "chargeType": "1",
      "bid": "4.88",
      "secondBid": "299.01",
      "targeting_id": "179",
      "paused": "0",
      "adconvertId": "31645",
      "convertMonitorType": "1",
      "optimizationTarget": "3",
      "bidStage": "1",
      "state": "0",
      "adResourceId": "1",
      "platform": "001",
      "unitType": "0",
      "invalidReasonList":
        "[\"\u8be5\u5355\u5143\u6240\u5728\u8ba1\u5212\u4e3a\u6682\u505c\u72b6\u6001\u3002\"]",
      "adgroup_index": "0",
      "created_time": "0",
      "last_modified_time": "0"
    },
    {
      "id": "40",
      "account_id": "207326439",
      "campaign_id": "30373670",
      "adgroup_id": "30715963",
      "adgroup_name": "2-25-H5\u84dd\u4e89IOS(154024)-3",
      "agent_id": "0",
      "game_id": "0",
      "site_id": "0",
      "generalizeType": "1",
      "chargeType": "1",
      "bid": "4.88",
      "secondBid": "299.01",
      "targeting_id": "180",
      "paused": "0",
      "adconvertId": "31644",
      "convertMonitorType": "1",
      "optimizationTarget": "3",
      "bidStage": "1",
      "state": "0",
      "adResourceId": "1",
      "platform": "001",
      "unitType": "0",
      "invalidReasonList":
        "[\"\u8be5\u5355\u5143\u6240\u5728\u8ba1\u5212\u4e3a\u6682\u505c\u72b6\u6001\u3002\"]",
      "adgroup_index": "0",
      "created_time": "0",
      "last_modified_time": "0"
    },
    {
      "id": "41",
      "account_id": "207326439",
      "campaign_id": "30373655",
      "adgroup_id": "30715938",
      "adgroup_name": "2-25-H5\u84dd\u4e89IOS(154025)-2",
      "agent_id": "0",
      "game_id": "0",
      "site_id": "0",
      "generalizeType": "1",
      "chargeType": "1",
      "bid": "4.88",
      "secondBid": "299.01",
      "targeting_id": "181",
      "paused": "0",
      "adconvertId": "31643",
      "convertMonitorType": "1",
      "optimizationTarget": "3",
      "bidStage": "1",
      "state": "0",
      "adResourceId": "1",
      "platform": "001",
      "unitType": "0",
      "invalidReasonList":
        "[\"\u8be5\u5355\u5143\u6240\u5728\u8ba1\u5212\u4e3a\u6682\u505c\u72b6\u6001\u3002\"]",
      "adgroup_index": "0",
      "created_time": "0",
      "last_modified_time": "0"
    },
    {
      "id": "42",
      "account_id": "207326439",
      "campaign_id": "30373650",
      "adgroup_id": "30715932",
      "adgroup_name": "2-25-H5\u84dd\u4e89IOS(154026)-1",
      "agent_id": "0",
      "game_id": "0",
      "site_id": "0",
      "generalizeType": "1",
      "chargeType": "1",
      "bid": "4.88",
      "secondBid": "299.01",
      "targeting_id": "182",
      "paused": "0",
      "adconvertId": "31642",
      "convertMonitorType": "1",
      "optimizationTarget": "3",
      "bidStage": "1",
      "state": "0",
      "adResourceId": "1",
      "platform": "001",
      "unitType": "0",
      "invalidReasonList":
        "[\"\u8be5\u5355\u5143\u6240\u5728\u8ba1\u5212\u4e3a\u6682\u505c\u72b6\u6001\u3002\"]",
      "adgroup_index": "0",
      "created_time": "0",
      "last_modified_time": "0"
    },
    {
      "id": "43",
      "account_id": "207326439",
      "campaign_id": "30359233",
      "adgroup_id": "30690130",
      "adgroup_name": "2-5\u5f00\u95e8(467\u9f99\u4f20\u5b89\u5353)04",
      "agent_id": "0",
      "game_id": "0",
      "site_id": "0",
      "generalizeType": "1",
      "chargeType": "1",
      "bid": "3.38",
      "secondBid": "100.08",
      "targeting_id": "183",
      "paused": "0",
      "adconvertId": "27968",
      "convertMonitorType": "1",
      "optimizationTarget": "3",
      "bidStage": "1",
      "state": "0",
      "adResourceId": "1",
      "platform": "010",
      "unitType": "0",
      "invalidReasonList":
        "[\"\u8be5\u5355\u5143\u6240\u5728\u8ba1\u5212\u4e3a\u6682\u505c\u72b6\u6001\u3002\"]",
      "adgroup_index": "0",
      "created_time": "0",
      "last_modified_time": "0"
    },
    {
      "id": "44",
      "account_id": "207326439",
      "campaign_id": "30359232",
      "adgroup_id": "30690127",
      "adgroup_name": "2-5\u5f00\u95e8(467\u9f99\u4f20\u5b89\u5353)03",
      "agent_id": "0",
      "game_id": "0",
      "site_id": "0",
      "generalizeType": "1",
      "chargeType": "1",
      "bid": "3.38",
      "secondBid": "100.08",
      "targeting_id": "184",
      "paused": "0",
      "adconvertId": "27967",
      "convertMonitorType": "1",
      "optimizationTarget": "3",
      "bidStage": "1",
      "state": "0",
      "adResourceId": "1",
      "platform": "010",
      "unitType": "0",
      "invalidReasonList":
        "[\"\u8be5\u5355\u5143\u6240\u5728\u8ba1\u5212\u4e3a\u6682\u505c\u72b6\u6001\u3002\"]",
      "adgroup_index": "0",
      "created_time": "0",
      "last_modified_time": "0"
    },
    {
      "id": "45",
      "account_id": "207326439",
      "campaign_id": "30359227",
      "adgroup_id": "30690125",
      "adgroup_name": "2-5\u5f00\u95e8(467\u9f99\u4f20\u5b89\u5353)02",
      "agent_id": "0",
      "game_id": "0",
      "site_id": "0",
      "generalizeType": "1",
      "chargeType": "1",
      "bid": "3.38",
      "secondBid": "100.08",
      "targeting_id": "185",
      "paused": "0",
      "adconvertId": "27962",
      "convertMonitorType": "1",
      "optimizationTarget": "3",
      "bidStage": "1",
      "state": "0",
      "adResourceId": "1",
      "platform": "010",
      "unitType": "0",
      "invalidReasonList":
        "[\"\u8be5\u5355\u5143\u6240\u5728\u8ba1\u5212\u4e3a\u6682\u505c\u72b6\u6001\u3002\"]",
      "adgroup_index": "0",
      "created_time": "0",
      "last_modified_time": "0"
    },
    {
      "id": "46",
      "account_id": "207326439",
      "campaign_id": "30359217",
      "adgroup_id": "30690116",
      "adgroup_name": "2-5\u5f00\u95e8(467\u9f99\u4f20\u5b89\u5353)01",
      "agent_id": "0",
      "game_id": "0",
      "site_id": "0",
      "generalizeType": "1",
      "chargeType": "1",
      "bid": "3.38",
      "secondBid": "100.08",
      "targeting_id": "186",
      "paused": "0",
      "adconvertId": "27961",
      "convertMonitorType": "1",
      "optimizationTarget": "3",
      "bidStage": "1",
      "state": "0",
      "adResourceId": "1",
      "platform": "010",
      "unitType": "0",
      "invalidReasonList":
        "[\"\u8be5\u5355\u5143\u6240\u5728\u8ba1\u5212\u4e3a\u6682\u505c\u72b6\u6001\u3002\"]",
      "adgroup_index": "0",
      "created_time": "0",
      "last_modified_time": "0"
    },
    {
      "id": "47",
      "account_id": "207326440",
      "campaign_id": "30360797",
      "adgroup_id": "30692889",
      "adgroup_name":
        "1-30\u6625\u70e8\u540c\u53f0(386\u9f99\u4f20\u5b89\u5353)04",
      "agent_id": "0",
      "game_id": "0",
      "site_id": "0",
      "generalizeType": "1",
      "chargeType": "1",
      "bid": "3.48",
      "secondBid": "100.08",
      "targeting_id": "187",
      "paused": "0",
      "adconvertId": "24069",
      "convertMonitorType": "1",
      "optimizationTarget": "3",
      "bidStage": "1",
      "state": "0",
      "adResourceId": "1",
      "platform": "010",
      "unitType": "0",
      "invalidReasonList":
        "[\"\u8be5\u5355\u5143\u6240\u5728\u8ba1\u5212\u4e3a\u6682\u505c\u72b6\u6001\u3002\"]",
      "adgroup_index": "0",
      "created_time": "0",
      "last_modified_time": "0"
    },
    {
      "id": "48",
      "account_id": "207326440",
      "campaign_id": "30335254",
      "adgroup_id": "30646962",
      "adgroup_name": "1-17\u70e8\u6625\u540c\u53f0(\u9f99\u4f20IOS)04",
      "agent_id": "0",
      "game_id": "0",
      "site_id": "0",
      "generalizeType": "1",
      "chargeType": "1",
      "bid": "6.35",
      "secondBid": "238.01",
      "targeting_id": "188",
      "paused": "0",
      "adconvertId": "19349",
      "convertMonitorType": "1",
      "optimizationTarget": "3",
      "bidStage": "1",
      "state": "0",
      "adResourceId": "1",
      "platform": "001",
      "unitType": "0",
      "invalidReasonList":
        "[\"\u8be5\u5355\u5143\u6240\u5728\u8ba1\u5212\u4e3a\u6682\u505c\u72b6\u6001\u3002\"]",
      "adgroup_index": "0",
      "created_time": "0",
      "last_modified_time": "0"
    },
    {
      "id": "49",
      "account_id": "207326440",
      "campaign_id": "30335237",
      "adgroup_id": "30646943",
      "adgroup_name": "1-17\u70e8\u6625\u540c\u53f0(\u9f99\u4f20IOS)02",
      "agent_id": "0",
      "game_id": "0",
      "site_id": "0",
      "generalizeType": "1",
      "chargeType": "1",
      "bid": "6.35",
      "secondBid": "238.01",
      "targeting_id": "189",
      "paused": "0",
      "adconvertId": "19352",
      "convertMonitorType": "1",
      "optimizationTarget": "3",
      "bidStage": "1",
      "state": "0",
      "adResourceId": "1",
      "platform": "001",
      "unitType": "0",
      "invalidReasonList":
        "[\"\u8be5\u5355\u5143\u6240\u5728\u8ba1\u5212\u4e3a\u6682\u505c\u72b6\u6001\u3002\"]",
      "adgroup_index": "0",
      "created_time": "0",
      "last_modified_time": "0"
    },
    {
      "id": "50",
      "account_id": "207326440",
      "campaign_id": "30335228",
      "adgroup_id": "30646904",
      "adgroup_name": "1-17\u70e8\u6625\u540c\u53f0(\u9f99\u4f20IOS)01",
      "agent_id": "0",
      "game_id": "0",
      "site_id": "0",
      "generalizeType": "1",
      "chargeType": "1",
      "bid": "6.35",
      "secondBid": "238.01",
      "targeting_id": "190",
      "paused": "0",
      "adconvertId": "19350",
      "convertMonitorType": "1",
      "optimizationTarget": "3",
      "bidStage": "1",
      "state": "0",
      "adResourceId": "1",
      "platform": "001",
      "unitType": "0",
      "invalidReasonList":
        "[\"\u8be5\u5355\u5143\u6240\u5728\u8ba1\u5212\u4e3a\u6682\u505c\u72b6\u6001\u3002\"]",
      "adgroup_index": "0",
      "created_time": "0",
      "last_modified_time": "0"
    },
    {
      "id": "51",
      "account_id": "207326440",
      "campaign_id": "30317031",
      "adgroup_id": "30614299",
      "adgroup_name": "1-2\u70e8\u73b0\u573a(\u9f99\u4f20IOS)03",
      "agent_id": "101411",
      "game_id": "403",
      "site_id": "146378",
      "generalizeType": "1",
      "chargeType": "1",
      "bid": "4.88",
      "secondBid": "320",
      "targeting_id": "191",
      "paused": "0",
      "adconvertId": "43928",
      "convertMonitorType": "1",
      "optimizationTarget": "3",
      "bidStage": "2",
      "state": "0",
      "adResourceId": "1",
      "platform": "001",
      "unitType": "0",
      "invalidReasonList": "",
      "adgroup_index": "0",
      "created_time": "0",
      "last_modified_time": "0"
    },
    {
      "id": "52",
      "account_id": "207326459",
      "campaign_id": "30445972",
      "adgroup_id": "30842491",
      "adgroup_name": "4-11\u6e23\u8f89\u5b89\u5353-164529-01",
      "agent_id": "102027",
      "game_id": "695",
      "site_id": "164529",
      "generalizeType": "1",
      "chargeType": "1",
      "bid": "3.88",
      "secondBid": "110.88",
      "targeting_id": "192",
      "paused": "0",
      "adconvertId": "47958",
      "convertMonitorType": "1",
      "optimizationTarget": "3",
      "bidStage": "1",
      "state": "0",
      "adResourceId": "1",
      "platform": "010",
      "unitType": "0",
      "invalidReasonList":
        "[\"\u8be5\u5355\u5143\u6240\u5728\u8ba1\u5212\u4e3a\u6682\u505c\u72b6\u6001\u3002\"]",
      "adgroup_index": "0",
      "created_time": "0",
      "last_modified_time": "0"
    },
    {
      "id": "53",
      "account_id": "207326459",
      "campaign_id": "30446000",
      "adgroup_id": "30842538",
      "adgroup_name": "4-11\u6e23\u8f89\u5b89\u5353-164528-02",
      "agent_id": "102027",
      "game_id": "695",
      "site_id": "164528",
      "generalizeType": "1",
      "chargeType": "1",
      "bid": "3.88",
      "secondBid": "110.88",
      "targeting_id": "193",
      "paused": "0",
      "adconvertId": "47960",
      "convertMonitorType": "1",
      "optimizationTarget": "3",
      "bidStage": "1",
      "state": "0",
      "adResourceId": "1",
      "platform": "010",
      "unitType": "0",
      "invalidReasonList":
        "[\"\u8be5\u5355\u5143\u6240\u5728\u8ba1\u5212\u4e3a\u6682\u505c\u72b6\u6001\u3002\"]",
      "adgroup_index": "0",
      "created_time": "0",
      "last_modified_time": "0"
    },
    {
      "id": "54",
      "account_id": "207326459",
      "campaign_id": "30446006",
      "adgroup_id": "30842549",
      "adgroup_name": "4-11\u6e23\u8f89\u5b89\u5353-164527-03",
      "agent_id": "0",
      "game_id": "0",
      "site_id": "0",
      "generalizeType": "1",
      "chargeType": "1",
      "bid": "3.88",
      "secondBid": "110.88",
      "targeting_id": "194",
      "paused": "0",
      "adconvertId": "47963",
      "convertMonitorType": "1",
      "optimizationTarget": "3",
      "bidStage": "1",
      "state": "0",
      "adResourceId": "1",
      "platform": "010",
      "unitType": "0",
      "invalidReasonList":
        "[\"\u8be5\u5355\u5143\u6240\u5728\u8ba1\u5212\u4e3a\u6682\u505c\u72b6\u6001\u3002\"]",
      "adgroup_index": "0",
      "created_time": "0",
      "last_modified_time": "0"
    },
    {
      "id": "55",
      "account_id": "207326459",
      "campaign_id": "30446011",
      "adgroup_id": "30842560",
      "adgroup_name": "4-11\u6e23\u8f89\u5b89\u5353-164526-04",
      "agent_id": "102027",
      "game_id": "695",
      "site_id": "164526",
      "generalizeType": "1",
      "chargeType": "1",
      "bid": "3.88",
      "secondBid": "110.88",
      "targeting_id": "195",
      "paused": "0",
      "adconvertId": "47966",
      "convertMonitorType": "1",
      "optimizationTarget": "3",
      "bidStage": "1",
      "state": "0",
      "adResourceId": "1",
      "platform": "010",
      "unitType": "0",
      "invalidReasonList":
        "[\"\u8be5\u5355\u5143\u6240\u5728\u8ba1\u5212\u4e3a\u6682\u505c\u72b6\u6001\u3002\"]",
      "adgroup_index": "0",
      "created_time": "0",
      "last_modified_time": "0"
    },
    {
      "id": "56",
      "account_id": "207326459",
      "campaign_id": "30446047",
      "adgroup_id": "30842604",
      "adgroup_name": "4-11\u6e23\u8f89\u5b89\u5353-164529-01-\u590d\u5236",
      "agent_id": "102027",
      "game_id": "695",
      "site_id": "164529",
      "generalizeType": "1",
      "chargeType": "1",
      "bid": "3.88",
      "secondBid": "110.88",
      "targeting_id": "196",
      "paused": "0",
      "adconvertId": "47958",
      "convertMonitorType": "1",
      "optimizationTarget": "3",
      "bidStage": "1",
      "state": "0",
      "adResourceId": "1",
      "platform": "010",
      "unitType": "0",
      "invalidReasonList":
        "[\"\u8be5\u5355\u5143\u6240\u5728\u8ba1\u5212\u4e3a\u6682\u505c\u72b6\u6001\u3002\"]",
      "adgroup_index": "0",
      "created_time": "0",
      "last_modified_time": "0"
    },
    {
      "id": "57",
      "account_id": "207326459",
      "campaign_id": "30446050",
      "adgroup_id": "30842609",
      "adgroup_name": "4-11\u6e23\u8f89\u5b89\u5353-164528-02-\u590d\u5236",
      "agent_id": "102027",
      "game_id": "695",
      "site_id": "164528",
      "generalizeType": "1",
      "chargeType": "1",
      "bid": "3.88",
      "secondBid": "110.88",
      "targeting_id": "197",
      "paused": "0",
      "adconvertId": "47960",
      "convertMonitorType": "1",
      "optimizationTarget": "3",
      "bidStage": "1",
      "state": "0",
      "adResourceId": "1",
      "platform": "010",
      "unitType": "0",
      "invalidReasonList":
        "[\"\u8be5\u5355\u5143\u6240\u5728\u8ba1\u5212\u4e3a\u6682\u505c\u72b6\u6001\u3002\"]",
      "adgroup_index": "0",
      "created_time": "0",
      "last_modified_time": "0"
    },
    {
      "id": "58",
      "account_id": "207326459",
      "campaign_id": "30446053",
      "adgroup_id": "30842614",
      "adgroup_name": "4-11\u6e23\u8f89\u5b89\u5353-164526-04-\u590d\u5236",
      "agent_id": "102027",
      "game_id": "695",
      "site_id": "164526",
      "generalizeType": "1",
      "chargeType": "1",
      "bid": "3.88",
      "secondBid": "110.88",
      "targeting_id": "198",
      "paused": "0",
      "adconvertId": "47966",
      "convertMonitorType": "1",
      "optimizationTarget": "3",
      "bidStage": "1",
      "state": "0",
      "adResourceId": "1",
      "platform": "010",
      "unitType": "0",
      "invalidReasonList":
        "[\"\u8be5\u5355\u5143\u6240\u5728\u8ba1\u5212\u4e3a\u6682\u505c\u72b6\u6001\u3002\"]",
      "adgroup_index": "0",
      "created_time": "0",
      "last_modified_time": "0"
    },
    {
      "id": "59",
      "account_id": "207326459",
      "campaign_id": "30446051",
      "adgroup_id": "30842611",
      "adgroup_name": "4-11\u6e23\u8f89\u5b89\u5353-164527-03-\u590d\u5236",
      "agent_id": "0",
      "game_id": "0",
      "site_id": "0",
      "generalizeType": "1",
      "chargeType": "1",
      "bid": "3.88",
      "secondBid": "110.88",
      "targeting_id": "199",
      "paused": "0",
      "adconvertId": "47963",
      "convertMonitorType": "1",
      "optimizationTarget": "3",
      "bidStage": "1",
      "state": "0",
      "adResourceId": "1",
      "platform": "010",
      "unitType": "0",
      "invalidReasonList":
        "[\"\u8be5\u5355\u5143\u6240\u5728\u8ba1\u5212\u4e3a\u6682\u505c\u72b6\u6001\u3002\"]",
      "adgroup_index": "0",
      "created_time": "0",
      "last_modified_time": "0"
    },
    {
      "id": "60",
      "account_id": "207326436",
      "campaign_id": "30446201",
      "adgroup_id": "30842952",
      "adgroup_name": "asdasdasdasd",
      "agent_id": "0",
      "game_id": "0",
      "site_id": "0",
      "generalizeType": "1",
      "chargeType": "1",
      "bid": "10",
      "secondBid": "0",
      "targeting_id": "200",
      "paused": "1",
      "adconvertId": "0",
      "convertMonitorType": "2",
      "optimizationTarget": "1",
      "bidStage": "1",
      "state": "0",
      "adResourceId": "1",
      "platform": "011",
      "unitType": "0",
      "invalidReasonList":
        "[\"\u8be5\u5355\u5143\u6240\u5728\u8ba1\u5212\u4e3a\u6682\u505c\u72b6\u6001\u3002\"]",
      "adgroup_index": "0",
      "created_time": "0",
      "last_modified_time": "0"
    },
    {
      "id": "61",
      "account_id": "207326436",
      "campaign_id": "30433927",
      "adgroup_id": "30843057",
      "adgroup_name": "\u65b9\u6cd5\u6d4b\u8bd5",
      "agent_id": "0",
      "game_id": "0",
      "site_id": "0",
      "generalizeType": "1",
      "chargeType": "1",
      "bid": "1",
      "secondBid": "0",
      "targeting_id": "201",
      "paused": "0",
      "adconvertId": "0",
      "convertMonitorType": "2",
      "optimizationTarget": "1",
      "bidStage": "1",
      "state": "0",
      "adResourceId": "1",
      "platform": "111",
      "unitType": "0",
      "invalidReasonList":
        "[\"\u8be5\u5355\u5143\u6240\u5728\u8ba1\u5212\u4e3a\u6682\u505c\u72b6\u6001\u3002\"]",
      "adgroup_index": "0",
      "created_time": "0",
      "last_modified_time": "0"
    },
    {
      "id": "62",
      "account_id": "207326436",
      "campaign_id": "30433927",
      "adgroup_id": "30843060",
      "adgroup_name": "\u65b9\u6cd5\u6d4b\u8bd51",
      "agent_id": "0",
      "game_id": "0",
      "site_id": "0",
      "generalizeType": "1",
      "chargeType": "1",
      "bid": "1",
      "secondBid": "0",
      "targeting_id": "202",
      "paused": "0",
      "adconvertId": "0",
      "convertMonitorType": "2",
      "optimizationTarget": "1",
      "bidStage": "1",
      "state": "0",
      "adResourceId": "1",
      "platform": "111",
      "unitType": "0",
      "invalidReasonList":
        "[\"\u8be5\u5355\u5143\u6240\u5728\u8ba1\u5212\u4e3a\u6682\u505c\u72b6\u6001\u3002\"]",
      "adgroup_index": "0",
      "created_time": "0",
      "last_modified_time": "0"
    },
    {
      "id": "63",
      "account_id": "207326436",
      "campaign_id": "30433927",
      "adgroup_id": "30843061",
      "adgroup_name": "\u65b9\u6cd5\u6d4b\u8bd52",
      "agent_id": "0",
      "game_id": "0",
      "site_id": "0",
      "generalizeType": "1",
      "chargeType": "1",
      "bid": "1",
      "secondBid": "0",
      "targeting_id": "203",
      "paused": "0",
      "adconvertId": "0",
      "convertMonitorType": "2",
      "optimizationTarget": "1",
      "bidStage": "1",
      "state": "0",
      "adResourceId": "1",
      "platform": "111",
      "unitType": "0",
      "invalidReasonList":
        "[\"\u8be5\u5355\u5143\u6240\u5728\u8ba1\u5212\u4e3a\u6682\u505c\u72b6\u6001\u3002\"]",
      "adgroup_index": "0",
      "created_time": "0",
      "last_modified_time": "0"
    },
    {
      "id": "64",
      "account_id": "207326436",
      "campaign_id": "30433927",
      "adgroup_id": "30843072",
      "adgroup_name": "\u65b9\u6cd5\u6d4b\u8bd53",
      "agent_id": "0",
      "game_id": "0",
      "site_id": "0",
      "generalizeType": "1",
      "chargeType": "1",
      "bid": "1",
      "secondBid": "",
      "targeting_id": "0",
      "paused": "0",
      "adconvertId": "0",
      "convertMonitorType": "2",
      "optimizationTarget": "1",
      "bidStage": "0",
      "state": "0",
      "adResourceId": "1",
      "platform": "",
      "unitType": "0",
      "invalidReasonList": "",
      "adgroup_index": "0",
      "created_time": "1523672743",
      "last_modified_time": "1523672743"
    },
    {
      "id": "65",
      "account_id": "207326436",
      "campaign_id": "30446322",
      "adgroup_id": "30843137",
      "adgroup_name": "test123132",
      "agent_id": "0",
      "game_id": "0",
      "site_id": "0",
      "generalizeType": "1",
      "chargeType": "1",
      "bid": "1",
      "secondBid": "0",
      "targeting_id": "204",
      "paused": "0",
      "adconvertId": "0",
      "convertMonitorType": "2",
      "optimizationTarget": "1",
      "bidStage": "1",
      "state": "0",
      "adResourceId": "1",
      "platform": "111",
      "unitType": "0",
      "invalidReasonList":
        "[\"\u8be5\u5355\u5143\u6240\u5728\u8ba1\u5212\u4e3a\u6682\u505c\u72b6\u6001\u3002\"]",
      "adgroup_index": "0",
      "created_time": "0",
      "last_modified_time": "0"
    },
    {
      "id": "66",
      "account_id": "207326436",
      "campaign_id": "30446201",
      "adgroup_id": "30843169",
      "adgroup_name": "666",
      "agent_id": "0",
      "game_id": "0",
      "site_id": "0",
      "generalizeType": "1",
      "chargeType": "1",
      "bid": "10",
      "secondBid": "0",
      "targeting_id": "205",
      "paused": "1",
      "adconvertId": "0",
      "convertMonitorType": "2",
      "optimizationTarget": "1",
      "bidStage": "1",
      "state": "0",
      "adResourceId": "1",
      "platform": "011",
      "unitType": "0",
      "invalidReasonList":
        "[\"\u8be5\u5355\u5143\u6240\u5728\u8ba1\u5212\u4e3a\u6682\u505c\u72b6\u6001\u3002\"]",
      "adgroup_index": "0",
      "created_time": "1523676711",
      "last_modified_time": "1523676711"
    }
  ]
}
